seller_id,seller_city,seller_state,orders,revenue,avg_delivery_days,on_time_rate
0015a82c2db000af6aaaf3ae2ecb0532,santo andre,SP,3,2685.0,10.79,100.0
001cca7ae9ae17fb1caed9dfb1094831,cariacica,ES,195,24487.03,13.1,94.44
002100f778ceb8431b7a1020ff7ab48f,franca,SP,50,1216.6,16.19,83.33
003554e2dce176b5555353e4f3555ac8,goiania,GO,1,120.0,4.65,100.0
004c9cd9d87a3c30c522c48c4fc07416,ibitinga,SP,156,19569.73,14.43,92.26
00720abe85ba0859807595bbf045a33b,guarulhos,SP,13,1007.5,8.53,92.31
00ab3eff1b5192e5f1a63bcecfee11c8,sao paulo,SP,1,98.0,9.05,100.0
00d8b143d12632bad99c0ad66ad52825,belo horizonte,MG,1,86.0,7.23,100.0
00ee68308b45bc5e2660cd833c3f81cc,sao paulo,SP,135,20260.0,9.17,91.86
00fc707aaaad2d31347cf883cd2dfe10,maringa,PR,103,12684.9,15.77,95.56
010543a62bd80aa422851e79a3bc7540,sao paulo,SP,2,1416.0,9.09,100.0
010da0602d7774602cd1b3f5fb7b709e,sao bernardo do campo,SP,1,849.5,26.11,100.0
011b0eaba87386a2ae96a7d32bb531d1,pompeia,SP,1,99.98,25.18,100.0
01266d4c46afa519678d16a8b683d325,curitiba,PR,3,90.25,5.92,100.0
013900e863eace745d3ec7614cab5b1a,curitiba,PR,23,1619.7,11.49,100.0
014c0679dd340a0e338872e7ec85666a,timoteo,MG,14,7058.0,19.02,86.67
014d9a685fd57276679edd00e07089e5,maringa,PR,11,729.88,8.84,100.0
0176f73cc1195f367f7b32db1e5b3aa8,ibitinga,SP,37,4643.2,13.38,89.47
01bcc9d254a0143f0ce9791b960b2a47,uruacu,GO,10,1393.21,12.79,100.0
01c97ebb5cdac52891c0ed1c37ba0012,catanduva,SP,9,577.5,12.71,100.0
01cf7e3d21494c41fb86034f2e714fa1,francisco beltrao,PR,59,9439.56,11.57,95.38
01ed254b9ff8407dfb9d99ba1e17d923,mogi das cruzes,SP,5,1465.99,6.68,100.0
01fd077212124329bac32490e8ef80d9,ribeirao preto / sao paulo,SP,31,1208.0,7.99,97.44
01fdefa7697d26ad920e9e0346d4bd1b,londrina,PR,128,14802.53,10.75,93.85
0241d4d5d36f10f80c644447315af0bd,curitiba,PR,238,31397.7,10.94,94.31
0249d282d911d23cb8b869ab49c99f53,sao paulo,SP,11,393.0,10.26,81.82
024b564ae893ce8e9bfa02c10a401ece,sao paulo,SP,2,706.4000000000001,18.19,100.0
028872bfa080090a9d0abd4f1af168f8,ribeirao das neves,MG,1,70.5,16.48,100.0
02b72cdeb9cfcc429f1af6f4e3f3b737,ibitinga,SP,4,522.65,12.51,100.0
02c988090b766852e088c69d7fb3b551,americana,SP,12,1564.3700000000001,8.52,100.0
02d35243ea2e497335cd0f076b45675d,natal,RN,14,5794.0,25.81,62.5
02dcd3e8e25bee036e32512bcf175493,contagem,MG,13,1341.9,17.23,66.67
02ecc2a19303f05e59ce133fd923fff7,santo andre,SP,21,5264.19,10.82,100.0
02f5837340d7eb4f653d676c7256523a,curitiba,PR,30,3883.05,9.66,96.67
02f623a8eb246f3c5f7c2f96462654e6,botucatu,SP,44,6378.0,8.48,90.91
0307f7565ff85b299b6e5ef162b1b1a9,sao jose do rio preto,SP,6,4711.9,15.2,100.0
0336182e1b3e92f029d5354832045fdf,ibitinga,SP,1,29.8,13.06,100.0
034b9387752bfa309f350a70cd45ffa3,blumenau,SC,8,96.0,8.51,100.0
038b75b729c8a9a04b0d07cba7eabe86,sao jose dos campos,SP,2,467.0,22.55,50.0
039b29ff3b3473435d0cd59040575de9,ribeirao pires,SP,9,114.9,9.11,100.0
039e6ad9dae79614493083e241147386,sao paulo,SP,5,12925.0,14.59,80.0
03a2a6dcbe45d639c4dc2a0d24769c40,maua,SP,9,1078.41,10.45,88.89
03bd479e1d9484cdb14104d3023f7321,uberlandia,MG,3,359.70000000000005,20.47,66.67
0417b067eeab773d2f7061a726dc477f,sao bento do sul,SC,13,1859.18,17.56,69.23
042573af89b6d931f672efaf789d8358,sorocaba,SP,3,413.48,20.02,66.67
04308b1ee57b6625f47df1d56f00eedf,bombinhas,SC,92,58991.8,18.88,88.04
0432ead42b6c8a0bdf68154add917fdf,maua,SP,82,7574.400000000001,8.86,96.55
044668ccd5316b12a7cf0d54a156e3e9,osasco,SP,3,137.8,7.2,100.0
04843805947f0fc584fc1969b6e50fe7,ivoti,RS,1,1400.0,15.04,0.0
048c2757535328e0d7dac690ad3c0aae,franca,SP,50,9065.08,18.51,86.0
04aa0a1c5ce6b222003403a3e11c3cc0,cosmopolis,SP,11,5518.0,16.37,88.24
04aba03279157f6d4e0fe8ccaf21963c,santo antonio de padua,RJ,15,2416.0,11.62,93.33
04e38a233f726ef161074ab1c9b0399a,sao paulo,SP,19,991.6,11.58,87.5
04ee0ec01589969663ba5967c0e0bdc0,lajeado,RS,1,289.49,3.07,100.0
04fdea0c111866e6cf812f1570d6b5bd,sao paulo,SP,8,865.0,18.0,87.5
0509040ea3fe50071181bbc359eb7738,belo horizonte,MG,87,3689.35,11.38,93.75
052577151711aec5c744fe12e66db3e1,rodeio,SC,1,687.0,14.03,100.0
054694fa03fe82cec4b7551487331d74,itajobi,SP,20,8286.1,30.17,71.43
056b4ada5bbc2c50cc7842547dda6b51,queimados,RJ,64,12203.400000000001,12.71,89.23
0570350b23eda5444f8d1d9544932058,sao paulo,SP,6,626.9,4.8,100.0
05730013efda596306417c3b09302475,criciuma,SC,4,952.0,9.45,100.0
058cb5aeb36d7c0fcae20fc85d5e0a59,rio de janeiro,RJ,11,1236.0,9.68,91.67
058fd0aa2bfdb2274e05e1ae971dabb6,santo andre,SP,60,7549.9,10.22,92.06
05a48cc8859962767935ab9087417fbb,sao paulo,SP,1,42.9,11.28,100.0
05a940b4ecae36cadfd8e93bd9c43257,goiania,GO,9,695.1,14.25,100.0
05aebce0b5c8f0d41b29b686f2d05fd3,sao paulo,SP,2,74.99000000000001,6.0,50.0
05ca864204d09595ae591b93ea9cf93d,barueri,SP,1,179.9,5.17,0.0
05d2173d43ea568aa0540eba70d2ca76,alfenas,MG,62,5759.66,14.65,93.94
05e107217c7266362fd44b75b2cd4cc4,sao paulo - sp,SP,5,193.38,6.8,50.0
05f51e13da97139648b8125c31e5f51b,belo horizonte,MG,57,13100.31,12.29,85.0
05feb94f19d094d4b0f9281f0b1d4c99,mogi das cruzes,SP,6,9353.0,15.37,100.0
05ff92fedb5be47920fea08e501238b9,santo angelo,RS,57,21235.98,12.25,95.0
062c325cd6a2b87845fab56b4ec2eeae,sao paulo,SP,2,133.22,5.5,100.0
062ce95fa2ad4dfaedfc79260130565f,lajeado,RS,54,7479.1,13.34,96.61
06532f10282704ef4c69168b914b77be,paincandu,PR,7,9827.95,16.55,100.0
06579cb253ecd5a3a12a9e6eb6bf8f47,sao paulo - sp,SP,61,4587.400000000001,10.96,84.29
066a6914e1ebf3ea95a216c73a986b91,foz do iguacu,PR,66,8956.380000000001,14.17,95.83
0691148aee60ca47977c187804f935ae,londrina,PR,47,5868.51,13.01,96.23
0692610d8abe24f287e9fae90ea0bbee,sao paulo,SP,4,173.99,6.6,75.0
06a2c3af7b3aee5d69171b0e14f0ee87,sao luis,MA,389,36097.979999999996,17.74,76.37
06bb3a2fe5e7b7a845b13e8fb91bd944,belo horizonte,MG,17,1536.19,8.9,100.0
06df0c10d34e459d9672bc77388742eb,maringa,PR,26,9070.0,9.7,90.0
06e5eefc71ec47ae763c5c6f8db7064f,porto alegre,RS,90,21648.670000000002,10.97,97.85
07017df32dc5f2f1d2801e579548d620,joao pessoa,PB,8,946.49,10.18,100.0
070d165398b553f3b4b851c216b8a358,sao paulo,SP,31,3333.17,11.01,86.84
0725b8c0f3f906e58f70cbe76b7c748c,guarulhos,SP,16,2161.52,11.78,80.56
0743a0239d764b9a0f959a57d07e36ab,sao paulo,SP,4,336.96,5.36,100.0
0747d5bb69f0586cc869d8af4c50f93e,saquarema,RJ,12,322.8,14.3,92.31
0761743cbffb25d7148189e9f1a5f03a,ribeirao preto,SP,3,241.2,14.52,100.0
077c5fae4bea9500e3737b16f71b9d3a,sorocaba,SP,4,106.80000000000001,7.97,100.0
0791d9fc1e30678ecf03d3e55fa108d3,belo horizonte,MG,5,842.0,6.25,100.0
079d295dcbf06ee8bb1b65ba964eb2b6,sao paulo,SP,5,349.3,6.92,100.0
07a9bc7f61396b658ddf3ac534efe44c,sao paulo,SP,1,119.9,6.0,100.0
07bf9669d84d1f11be443a9dd938f698,sao paulo,SP,18,1776.0,8.71,100.0
07d75e33f2750d97d467fb57e4dfdd8a,sao paulo,SP,2,722.4,11.8,100.0
07de60b03d150fb3ea09eab5da5e4c8b,ibitinga,SP,9,719.1,13.42,88.89
07e8e8fc5222bb358e6f259da3197074,sao paulo,SP,2,51.8,8.64,100.0
080102cd0a76b09e0dcf55fcacc60e05,belo horizonte,MG,122,5612.65,9.72,96.09
080199a181c46c657dc5aa235411be3b,osasco,SP,79,14504.2,8.11,97.59
08061dc0fc165ed41288cc7acde738ee,osasco,SP,4,123.80000000000001,20.07,75.0
08084d990eb3f53af056ccbc1730c8a7,sao paulo,SP,12,372.5,8.5,100.0
081acf3de680d554796c9cf041be7bc2,vespasiano,MG,4,1597.3,13.58,87.5
082e0bf4cb865a6533b1e8e498cc0255,botucatu,SP,11,2073.3,13.15,86.96
085f6f7e049c996695fb2074fe38d45e,taubate,SP,6,305.4,10.33,100.0
08633c14ef2db992c11f840f04fad4cd,ribeirao pires,SP,74,7644.3,10.11,93.81
0873d9f8f36123f8d910f4760e788cfb,barueri,SP,6,7265.59,13.13,50.0
0885aaf116795758dfeb5f1032487bcd,ferraz de vasconcelos,SP,27,2573.1000000000004,5.74,96.55
0887a9f087bcd5d9f6642b52f897fc6c,cananeia,SP,12,1642.0,14.24,91.67
08ad4ac1388e4420ca531c3edfc46198,itapevi,SP,6,221.61999999999998,7.05,100.0
08cdbae123ff67ca4e36d9d641ce0119,uba,MG,4,3098.99,29.35,33.33
08d0949a9a17c027262db1f3c450c26c,cascavel,PR,12,324.8,14.33,100.0
08d1c9478fb0d7d7fcac9c0da4e82fc7,belo horizonte,MG,1,538.0,10.39,100.0
08d2d642cf72b622b14dde1d2f5eb2f5,marilia,SP,16,909.0,14.93,85.0
08f5819815f3d06545011850bd70f0a8,santos,SP,3,452.0,8.47,100.0
091065b789659bc3cd9af9cb3a6253ff,canoas,RS,2,1359.0,11.26,100.0
0936e1837d0c79253456bbb2ffaaef10,sao paulo,SP,1,38.9,18.37,100.0
093805f8f2aeb63881444571e1f48f30,osasco,SP,22,1215.79,8.17,96.3
094ced053e257ae8cae57205592d6712,ribeirao preto,SP,19,1519.2,12.16,100.0
0951a6e282947e09cd47969f4ed0b47f,taboao da serra,SP,7,492.3,4.72,100.0
09883d9ab71c8fe8a9bfc7fc3075b07e,sao paulo,SP,4,269.6,14.44,75.0
099095b050cfe8eb1ddff5317587e96e,sao paulo,SP,16,5003.84,10.41,84.21
09bad886111255c5b5030314fc7f1a4a,sao paulo,SP,5,487.5,6.47,100.0
09f952a5f58d2285b0372551ae8f9b01,sao bernardo do campo,SP,50,11821.5,13.15,94.64
0a198e95d32b1be2da9424c962a6ebfa,contagem,MG,1,69.99,16.05,100.0
0a82f5fb06a4fe4ac2cf7cb412ec71b8,sao paulo,SP,2,462.0,5.28,100.0
0a85ebe4e328db81ac9109781205e2f7,jundiai,SP,12,667.9,5.25,91.67
0aa2205ca24f113f4658a5c536667426,sao paulo,SP,4,815.62,6.86,100.0
0ac4201fda2c68ebc0e47cb9423cf3c9,sao paulo,SP,13,1676.88,12.48,92.86
0ad80de75c811326389cfb1daba7d45e,rio de janeiro,RJ,6,1449.3999999999999,9.0,100.0
0adac9fbd9a2b63cccaac4f8756c1ca8,louveira,SP,106,15557.6,12.78,94.78
0ade5cc4a305ed7093a23f68ca47519c,curitiba,PR,2,158.88,6.88,100.0
0aea4c6ae1505b3228ddf3dd7822ee5b,sorocaba,SP,8,1427.91,18.43,75.0
0af2ab31141893d26aca5a404a537dab,sao paulo,SP,1,59.0,5.81,100.0
0af977692321d895349eded183341d28,santos,SP,2,257.75,2.54,100.0
0afccdb8a34ee5c79f7c06faf2b4d56e,uberlandia,MG,24,1185.6,13.47,91.67
0b09101900100c0e9d312861fad5a1b9,sao paulo,SP,1,153.75,18.54,100.0
0b0ddbc7b9d9584f442c7ac92b0ff6c9,guarulhos,SP,3,1416.76,11.94,100.0
0b18d63d0cd1d723567903fd34a07df2,sp,SP,9,1678.1399999999999,6.88,100.0
0b1ca3ef18a63d7eb0c8897fa0849c08,sao roque,SP,1,55.0,6.71,100.0
0b35c634521043bf4b47e21547b99ab5,teixeira soares,PR,50,13235.65,17.42,88.31
0b36063d5818f81ccb94b54adfaebbf5,jaragua do sul,SC,1,765.0,14.54,100.0
0b3f27369a4d8df98f7eb91077e438ac,aruja,SP,2,146.51,7.16,100.0
0b46f784306be7200ca1700aa55d819f,belo horizonte,MG,1,19.9,3.24,100.0
0b64bcdb0784abc139af04077d49a20e,canoas,RS,4,137.6,8.5,100.0
0b90b6df587eb83608a64ea8b390cf07,maringa,PR,163,28492.76,14.4,96.65
0bae85eb84b9fb3bd773911e89288d54,itajai,SP,136,7433.5599999999995,10.27,99.31
0bb27263628258b8111a0262769fa9db,sao paulo,SP,1,22.2,41.68,100.0
0bb738e4d789e63e2267697c42d35a2d,sao roque,SP,29,2308.4,11.94,93.33
0be8ff43f22e456b4e0371b2245e4d01,sao paulo,SP,156,11336.0,10.34,93.71
0bebbb2cea103a4a020c95d43fd7d754,sao paulo,SP,9,1367.2,5.91,100.0
0bf0150d5b9d60d9cd2906003332f085,sao paulo,SP,39,5774.6,14.13,80.65
0bfd0b434243adc5c2e1aa6baf19c6aa,rio de janeiro,RJ,6,371.20000000000005,8.46,100.0
0c7533c71df861ec58ad7ff999ed0e8d,valinhos,SP,61,2989.2999999999997,10.6,95.89
0c7f30ae9b147eca07affbef92832a6a,ponta grossa,PR,5,479.5,8.54,100.0
0c8380b62e38e8a1e6adbeba7eb9688c,tres coracoes,MG,180,17228.99,12.58,94.95
0cab2da43793a6f3c5ed8514c5f54627,curitiba,PR,3,309.70000000000005,5.01,100.0
0cbcee27c791afa0cdcb08587a2013a8,tres coracoes,MG,37,5054.15,12.97,89.74
0d33a55da925bbf1ff02af5f6059fc7f,sao paulo,SP,22,547.3,8.8,95.83
0d4c8269e7f0401201794deef160edd6,ribeirao preto,SP,3,792.64,18.81,100.0
0d83f8e03188682112cc0d93523705cc,porto alegre,RS,4,696.26,25.22,50.0
0d85bbda9889ce1f7e63778d24f346eb,uberlandia,MG,51,4845.2,18.32,81.03
0daf5180aa44356f60f8effa533b55a2,goiania,GO,2,144.8,8.03,50.0
0db783cfcd3b73998abc6e10e59a102f,santos,SP,132,9077.4,11.66,96.35
0dd184061fb0eaa7ca37932c68ab91c5,guarulhos,SP,161,18446.92,11.25,90.16
0ddefe3c7a032b91f4e25b9c3a08fca1,sao bernardo do campo,SP,9,402.9,8.62,100.0
0df3984f9dfb3d49ac6366acbd3bbb85,betim,MG,86,9891.49,9.61,98.86
0dfbed20065e425d2eaefb101f9816c0,porto ferreira,SP,3,84.35,21.57,66.67
0e44d110fa6a54e121cb2c095a77762f,francisco morato,SP,6,223.32,12.0,83.33
0e72c1a751b496722a6cb1f10653b62a,sao paulo,SP,3,140.8,6.89,100.0
0e982cff76cc0579f632cea8a0e38c9d,itajai,SC,6,971.9,8.34,100.0
0ea22c1cfbdc755f86b9b54b39c16043,sete lagoas,MG,234,10592.1,11.02,98.49
0eaa7e33d73809f1f925f7d07c506cbd,santo andre,SP,15,1552.0,5.9,100.0
0ebd97a106433a45a4aebe57c1799778,contagem,MG,31,3046.8,9.26,100.0
0ec28cec4046a4a199b6de9b4c891d97,goiania,GO,3,296.6,8.86,100.0
0ed6ce5d87fd9c69eaacaeb778d67235,americana,SP,42,2026.52,16.0,85.71
0ee4fb99ac55ffbbc98795aa01b7f8fa,santana de parnaiba,SP,1,59.9,6.88,100.0
0ef83d7d83ed97cd2a0049ac8be5f88a,curitiba,PR,48,4421.01,9.62,98.18
0f0c984a4a955310903b6b6008660bad,franca,SP,4,369.81,14.24,75.0
0f519b0d2e5eb2227c93dd25038bfc01,ibitinga,SP,1,79.9,12.27,100.0
0f7eea709efdf942b5f95c7516dbacd7,pedrinhas paulista,SP,3,195.74,8.04,100.0
0f80a40c312b2472dca482cf50f5186f,lencois paulista,SP,1,129.9,5.32,100.0
0f94588695d71662beec8d883ffacf09,florianopolis,SC,1,9.0,14.89,100.0
0fe2d9733ed841eb064503920015a8c0,ourinhos,SP,3,389.64,8.67,100.0
0ff83046c3fa22efee8ecf291888b191,caxias do sul,RS,10,768.9000000000001,12.32,100.0
0ffa40d54288e4f3499b8780dd0f144f,presidente prudente,SP,33,2162.8,13.46,85.71
10076e5788b8ee532724bcd460baf762,batatais,SP,23,821.48,9.81,96.15
10089e9f2fd0c668a8fd4e52e1698888,sao jose do rio preto,SP,3,1139.9,7.63,100.0
101a3a003516bc11253298b2fad3cb65,rio claro,SP,5,450.0,6.88,100.0
1025f0e2d44d7041d6cf58b6550e0bfa,sao paulo,SP,910,138208.56,12.05,90.77
10264f60a8f0a4d2f30810f5c661c673,campinas,SP,4,284.6,4.13,100.0
1099a00e0ee3a50935e6c2447ca090c5,rio de janeiro,RJ,3,849.6999999999999,15.04,66.67
10cdd491d1dbea8fb4ead97b19c334ce,santa rita do sapucai,MG,3,208.9,7.09,100.0
10ff823eda2b032e2c93d17a7d294736,pederneiras,SP,8,1144.98,9.77,100.0
112453736dbe3889cfb74e1aaa0ba0c1,sao paulo,SP,7,1890.0,13.67,100.0
1127b7f2594683f2510f1c2c834a486b,campinas,SP,110,6669.7,10.25,93.75
11305281b50fff20ae8bb473f8e11876,uba,MG,35,6528.7,14.01,87.5
113e3a788b935f48aad63e1c41dac1bd,aparecida,SP,39,847.35,12.04,95.83
116ccb1a1604bc88e4d234a8c23f33de,sao bernardo do campo,SP,61,2004.89,8.78,94.52
11742f81550ac064cc9a40f67151d9ad,catanduva,SP,2,781.9,9.1,100.0
117cfc326c6d50da67ca858ff5c0c852,sao joao de meriti,RJ,5,454.6,6.07,100.0
11938fcc75f6902fea1d0a6f72b54a57,sao miguel d'oeste,SC,2,594.98,22.36,100.0
119c7f1a00ef43fad0e57604e76a747c,sao paulo,SP,2,189.8,5.98,100.0
119d1aef1b4144adba89163f6cd9f5d4,pedreira,SP,4,1094.0,4.48,100.0
11bfa66332777660bd0640ee84d47006,ribeirao preto,SP,76,3925.87,16.17,82.35
11d4c477d09821164bca4f70a2eae031,ribeirao preto,SP,3,83.04,6.71,100.0
11eac105f3f90a9b87b19c89d91e24f3,sao paulo,SP,5,802.89,9.12,100.0
11fb6f6d341adbe19e81733701704635,sao paulo,SP,3,1197.0,5.36,100.0
120476eb7a04c149d14772edaf5d9bf2,angra dos reis,RJ,4,2368.8,6.56,100.0
1284de4ae8aa26997e748c851557cf0e,laranjeiras do sul,SP,3,1459.97,19.27,100.0
128639473a139ac0f3e5f5ade55873a5,maringa,PR,527,11795.849999999999,14.41,93.68
128f9bfbe4c7d5185033914b1de3d39a,atibaia,SP,13,1267.39,12.83,93.33
12a8eb0f8d1cd3270695bf2a99f55966,sao paulo,SP,2,397.0,20.98,50.0
12b9676b00f60f3b700e83af21824c0e,montenegro,RS,133,26376.0,15.05,98.5
12c2ed9cded6138cf0c75f525f565fc7,praia grande,SP,4,314.96,13.44,50.0
13074f016982ff2bd6c58ced8682f000,bento goncalves,RS,13,1977.0,14.54,71.43
131fcb0a0c9a47bba4474aacff0f14b7,sao paulo,SP,4,369.8,4.3,100.0
1336efc61c316ddf92c899eb817f7cae,assis,SP,74,4837.31,11.71,90.59
134285d1f41da5c13a756ee8142c8a4e,sao paulo,SP,3,1572.6999999999998,8.56,100.0
134a288e7de827ec5ec62e3ec9c3a295,sao paulo,SP,9,877.45,9.45,100.0
134b867a0f7f8bbe6abf10f91874891e,valinhos,SP,1,789.89,12.93,100.0
13511db12ac61e2f89c53b72a944a60b,caxias do sul,RS,6,798.0,9.17,83.33
1352e06ae67b410cdae0b2a22361167b,rio de janeiro,RJ,2,178.0,34.31,0.0
1354d51653f645349064725ed204e85e,sao paulo,SP,18,2410.0,9.2,95.0
138dbe45fc62f1e244378131a6801526,sao paulo,SP,49,1125.56,6.21,96.55
139157dd4daa45c25b0807ffff348363,sao paulo,SP,1,29.9,1.21,100.0
13c2ed7698b3ca92dad49e849219da59,ponta grossa,PR,8,498.61,11.55,100.0
13d058e4eeac2ce8217660b2f8a05812,osasco,SP,22,3739.78,11.4,86.36
13d95f0f6f73943d4ceffad0fc2cd32c,goiania,GO,1,249.99,22.34,0.0
13dd308f81fea30cc670c656b2b46cc3,santa barbara d'oeste,SP,3,117.69999999999999,3.64,66.67
13e85aac53340018b40c2af68001b7e0,pedreira,SP,1,17.8,17.72,100.0
13f57c12a00ed4610db646b913a7f5c6,santos,SP,7,645.2,12.88,84.62
13fa2a6c6b9d0f43cb588d7c82117a12,sao paulo,SP,9,4528.0,20.52,70.0
141440cad9341e553f8401c574a2aa38,pitanga,PR,11,1288.2,6.88,100.0
1430239a858e7682bbc43b20758af153,sao paulo,SP,17,633.99,7.27,100.0
1444c08e64d55fb3c25f0f09c07ffcf2,lauro de freitas,BA,1,2749.0,10.39,100.0
1464afc72f696af775557a821c2e253f,nova friburgo,RJ,29,1059.36,11.26,96.67
14a08204d03bb6b6bde8029f801ae0eb,sao paulo,SP,28,2185.4,8.63,100.0
14d7985702e72162bbf13b6beb74ab2b,santo andre,SP,37,3887.0,11.15,86.84
14ee35374a7876217954b5fa08e50463,sao jose do rio preto,SP,6,809.0,17.17,83.33
14f2b3587172b9db894c9bad8dab520b,ipe,RS,2,244.0,14.03,100.0
152ee17e4c8aaf53dac99f3462e4999b,garuva,SC,6,308.96000000000004,10.74,100.0
154bdf805377afea75a3bd158e9eab10,ibitinga,SP,1,89.9,24.92,0.0
1554a68530182680ad5c8b042c3ab563,monte siao,MG,246,28979.64,14.08,92.88
157c3e4b42f81ac4a44e8b1ca2fe9876,sao paulo,SP,23,2548.5,10.38,93.55
1588ac4010787100dddef64568f0ae35,maringa,PR,3,599.97,19.87,100.0
15aac934c58d886785ac1b17953ea898,muqui,ES,25,4353.9,15.58,84.62
15b3b1b81484422eb41df68ac87f1f50,bauru,SP,1,43.35,14.63,100.0
15cd6eefe58588619aaed41dfa6621b1,ouro preto,MG,16,1622.74,14.41,94.44
15ead3a5037a918ddb520dfe39a3d2b9,conselheiro lafaiete,MG,6,254.5,18.75,71.43
15fa791d5e017f66402dc28c44480657,sao paulo,SP,8,1802.0,11.57,87.5
160851d3ece7aa1a510f8d1a4bb8a8af,garca,SP,2,102.05,5.58,100.0
16090f2ca825584b5a147ab24aa30c86,atibaia,SP,398,25579.16,9.22,89.16
160e4f13fd3a64b1b86807be88b5ffb0,colombo,PR,4,886.0,14.3,100.0
164a5a8794e6d42e14f55e447b12a3bc,guaira,PR,1,73.99,13.41,100.0
165b1235e9e9942cb5fae67103576fb0,ribeirao preto,SP,11,2085.15,7.16,93.75
165fc07beebdcb6190fba8a06db2a449,maringa,PR,50,17481.4,13.49,87.5
1660ad786c27fd935378b6192a90b417,sao bernardo do campo,SP,12,1570.0,8.91,92.31
166e8f1381e09651983c38b1f6f91c11,imbituba,SC,2,78.8,14.73,100.0
167fd940acebc789debd6eb418c46e38,franca,SP,5,1077.58,15.5,80.0
1690cada046eb7e92c12f98b1f8a8167,sao paulo,SP,10,1760.0,7.35,90.0
16bdc8cefd0e32a6f0824d296c5ad14a,sp,SP,1,41.76,9.32,100.0
1703bc09972dab9782e7a9194943b69f,minas gerais,MG,1,249.9,12.13,100.0
1710c3aaa9c6b44ec3883ee0fe300e21,sao caetano do sul,SP,2,1188.9,6.13,100.0
17306570e772e7718c92a562d33f5f1d,bariri,SP,27,8640.0,13.96,93.33
173d56ffbd4c56cb80fc3615487d712b,sao vicente,SP,2,358.0,6.84,100.0
1746c1ae87ac63d530c7c943d0ac42e2,santana de parnaiba,SP,1,229.9,23.02,100.0
1771297ac436903d1dd6b0e9279aa505,guarulhos,SP,28,2881.27,9.42,97.22
1782ce2db72c3dda627d5e7c898104e1,taboao da serra,SP,9,2010.8,27.24,90.0
17908cf9b444ee34047cadd5c0f4a516,anapolis,GO,11,1993.99,18.88,90.91
17998cf586426bf0f2c3726cb0a4b211,belo horizonte,MG,2,69.8,8.39,100.0
179d859f51292aac5c10806a356f7af9,ribeirao pires,SP,18,404.46999999999997,9.15,84.21
17a053fcb14bd219540cbde0df490be0,mogi guacu,SP,124,40353.24,11.98,91.89
17ca9b9e9b9ef8fdb529001b49ebb50f,betim,MG,115,9649.86,8.06,97.66
17e34d8224d27a541263c4c64b11a56b,riberao preto,SP,247,54440.28,14.04,91.92
17eea220a40cc0d2c0c5346379682398,sao paulo,SP,3,875.98,25.36,33.33
17f51e7198701186712e53a39c564617,sao paulo,SP,56,48019.0,22.76,91.8
180c3376aff0e43dd5788709df48a843,sao paulo,SP,5,4513.0,16.27,90.0
1835b56ce799e6a4dc4eddc053f04066,ibitinga,SP,417,33005.32,12.77,89.47
1838dd9b8977065acf51d95e0053ea7a,belo horizonte,MG,62,2750.5,12.56,95.38
184725737946a1a938bbbd1a9e978103,maua,SP,3,359.70000000000005,8.58,100.0
184a67a8f9f63234d3a92340bbdb727f,joinville,SC,7,246.29,16.16,100.0
186cdd1b2df32caa72cfb410bba768d3,rio negrinho,SC,6,1341.45,8.9,100.0
189ca3538ce9f920cacf0f982cbe223b,sao paulo,SP,4,419.0,4.78,100.0
18a349e75d307f4b4cc646a691ed4216,sao paulo,SP,109,7425.21,11.07,94.53
18e694e0e48ed6f7aa3f24aade5fd697,varzea paulista,SP,31,701.54,6.08,97.06
1900267e848ceeba8fa32d80c1a5f5a8,ibitinga,SP,406,24639.57,12.8,90.06
191d55f7edb8524d525ed01b20fe32e8,brasilia,DF,3,747.0,22.53,66.67
1927cdb9fa74f5270097f6250e8e8f34,marilia,SP,1,120.0,8.13,100.0
19484c79cef6c062cb177aa4ef2fcc3c,valinhos,SP,1,201.9,21.43,0.0
1961c3e1272bfeceb05d0b78b5bbfdaf,guarulhos,SP,2,657.0,5.43,100.0
1976a05ecf2996d6ffb7b5430e635fe7,assis,SP,8,1796.2,16.68,77.78
1987cd4be10fe09ee50454f9c354d1c6,ouro fino,MG,14,2877.7,15.74,93.75
198c7ea11960a9844b544d9bcdca860c,jacutinga,MG,25,1733.75,14.51,88.0
1996942dc085d7773ba77a529b163cd0,pradopolis,SP,9,2383.52,11.79,100.0
19a7c9f66ffa6452ff4b4c0cca71da27,itaipulandia,PR,1,279.0,25.19,100.0
19d62d484cba71963c93f0f00ab42013,gaspar,SC,1,139.9,13.95,100.0
19e0f40a907ec568c34bfac15de4f4a1,americana,SP,4,178.0,5.84,100.0
1a3df491d1c4f1589fc2b934ada68bf2,joinville,SC,160,22472.4,15.04,94.74
1a8e2d9c38b84a9702ac7922924b0573,araquari,SC,1,80.0,15.6,100.0
1a932caad4f9d804097d7f8e615baed1,sao paulo,SP,20,4661.0,8.81,86.67
1acde099eb406aa220b1169b188b42da,sao paulo,SP,9,311.1,12.42,100.0
1b0b0f4f95e962d6f32fe90c759d0479,sao paulo,SP,2,139.8,9.46,100.0
1b1ae47a313a825a7ccceb8e2e30fa9d,bocaiuva do sul,PR,10,2184.0,10.65,100.0
1b45169b635ef59425637e9a33eb5fb3,maringa,PR,7,308.9,7.77,100.0
1b4b28463457a256e9a784ebe2a8f630,piracicaba,SP,1,699.42,14.14,0.0
1b4c3a6f53068f0b6944d2d005c9fc89,sao ludgero,SC,111,14420.5,14.34,93.91
1b61fb1f0f2185d89e9a126c498e9cc7,maringa,PR,1,49.7,11.36,100.0
1b65c144b17e607c0f37f10bb7dfec8d,rio do sul,SC,5,1109.5,8.77,100.0
1b7e5006cb25dd23ce8686691013b121,sao paulo,SP,11,2636.74,15.49,81.82
1b8356dabde1d35e17cef975c3f82730,sao paulo,SP,55,3366.4,10.26,98.33
1b8b75e227c9a9c100d0c210fb6176ce,sao paulo,SP,15,1444.8700000000001,15.0,93.33
1b938a7ec6ac5061a66a3766e0e75f90,penapolis,SP,29,3859.8,11.38,96.77
1bb2bdb95f4841f1bba2c0d2cd83d3c9,sao paulo,SP,79,4905.76,12.31,92.77
1bb3812d5f0747a3ab7348f199001a10,sao paulo,SP,9,834.4000000000001,12.76,100.0
1bc2e21de46adfea6b98cc96b00f3b40,joinville,SC,3,1039.95,16.77,100.0
1c129092bf23f28a5930387c980c0dfc,sao paulo,SP,200,9528.619999999999,11.59,94.98
1c40343cc5d18c2d8248ac2f3366de34,limeira,SP,21,2461.41,7.4,90.91
1c56ffe0e9dea2657fc6e95b53f40b13,sao carlos,SP,3,183.0,6.68,100.0
1c5e4e49b9079480255b49d50aac1aa9,santos,SP,12,10173.11,8.8,100.0
1c68394e931a64f90ea236c5ea590300,sarandi,PR,142,24832.75,15.75,96.49
1c742ac33582852aaf3bcfbf5893abcf,belo horizonte,MG,1,97.9,6.02,100.0
1c83418358f249c9d6affa52d579db0e,sao paulo,SP,1,24.9,10.19,100.0
1ca4bdb0cd7fc48e949bac066188ed26,cataguases,MG,3,1140.0,14.3,66.67
1ca7077d890b907f89be8c954a02686a,santana de parnaiba,SP,108,12474.64,15.03,80.31
1caf283236cd69af44cbc09a0a1e7d32,nova iguacu,RJ,33,917.6,14.05,89.19
1cbcd2ee0afb3fc09963b87eb65e7e4f,curitiba,PR,1,90.0,4.32,100.0
1cbd32d00d01bb8087a5eb088612fd9c,sp / sp,SP,11,1045.47,12.2,91.67
1cbd50a8c52e6cf8e315c5709fab386f,fazenda rio grande,PR,9,785.97,19.02,88.89
1cbdc7cf130a41fd13a3c2a7d2fcfda7,lambari,MG,2,165.8,8.69,100.0
1cd9e0cc1839d55516843def5600816d,sao paulo,SP,5,825.0,7.78,100.0
1ce3ae5a399804d1a87e706f8a813c3e,jaguaruna,SC,40,2563.0,13.68,90.91
1d0646a72178a6fb37ee8082140e06ec,joinville,SC,2,61.0,7.65,100.0
1d0997ff06b524ce9289ffd75114ecd3,recife,PE,3,3747.0,17.01,66.67
1d139e3a3b14025640d8df1b230aace0,barrinha,SP,2,36.49,7.65,100.0
1d1bbb8ac1581824986f582583fff01d,indaial,SC,4,166.88,9.16,75.0
1d2732ef8321502ee8488e8bed1ab8cd,rio de janeiro,RJ,4,1148.0,11.34,80.0
1d29dfba02015238dfbe2449a5eaa361,vicosa,MG,12,612.8,15.37,91.67
1d4587203296c8f4ad134dc286fa6db0,sao paulo,SP,40,2287.5,9.53,95.12
1d503743d2526f03f0c2c89540ee008c,sao paulo,SP,12,516.04,8.95,94.12
1d8dbc4f32378d715c717c1c1fc57bae,arapongas,PR,91,11205.99,15.57,90.72
1d953075c2f0dd990bacf27b83b330f1,belo horizonte,MG,1,59.0,7.28,100.0
1da366cade6d8276e7d8beea7af5d4bf,uba,MG,42,6348.589999999999,17.41,87.5
1da3aeb70d7989d1e6d9b0e887f97c23,sao paulo,SP,261,8691.56,8.35,95.06
1dc2de47ee26a0a5b12dc14fd6dc0dea,ibitinga,SP,25,1670.3,14.69,88.89
1dcfa3835714681d4ba4a93bc1e0fd41,birigui,SP,12,1186.6000000000001,15.82,100.0
1dd33b8119b3cb1056ed5dc88cd0aaf4,sao paulo,SP,8,1513.0,10.91,87.5
1de62b6f2fd96227629786db492433db,sp,SP,2,208.8,8.24,100.0
1dfe5347016252a7884b694d4f10f5c4,ibitinga,SP,20,1632.5,19.46,76.92
1e26c56af8d48424e1df0140a2401f83,jaguariuna,SP,2,258.9,5.25,100.0
1e47d8b6546eb3a77b1acddcc9406242,campinas,SP,1,149.9,35.49,100.0
1e47defeeadeca0e9a18fa5a9311e735,catanduva,SP,3,234.12,12.02,100.0
1e483cc5c76fef08d3ca05f9a8af7d01,sao paulo,SP,9,166.09,7.95,100.0
1e8b33f18b4f7598d87f5cbee2282cc2,sao paulo,SP,122,17233.56,7.79,95.68
1e8c6a4c538f286aee9573239740a4b4,itatiba,SP,5,359.7,7.41,100.0
1e9d5a33694bddb76316fd1f54734d20,jaciara,MT,2,318.0,12.25,100.0
1eade46fba20122dc4aefb379f8c636b,sao paulo,SP,58,3635.37,12.07,86.67
1f1bb1f0859883505541bdd6606193e5,sao paulo,SP,27,16040.84,14.17,89.66
1f2eebc0e970fd3c463e4f5d9652687a,sao paulo,SP,1,44.99,11.45,0.0
1f50f920176fa81dab994f9023523100,sao jose do rio preto,SP,1399,106655.70999999999,15.57,90.55
1f7dfad2cb384ea4d2d7e1ffbd78c407,sao paulo,SP,1,49.0,6.36,100.0
1f7fd2a6fcd5a6fa5d8a4dabc72aaae0,venancio aires,RS,3,531.8,7.11,100.0
1f867308a0ce13133a4e639ff4de0c02,curitiba,PR,7,875.1,10.37,100.0
1f9ab4708f3056ede07124aad39a2554,tupa,SP,76,13312.93,14.57,94.81
1fa2d3def6adfa70e58c276bb64fe5bb,sao paulo,SP,1,6.9,6.26,100.0
1fbe10c70e30765ed1de86d9f7e98409,maua,SP,2,98.75,8.04,100.0
1fdc574883ef3b33ad41562d93f3a74a,limeira,SP,18,4251.0,11.25,94.44
1fe5540d7c1c37a595fefbacd5570d9e,paraiba do sul,RJ,20,4537.6,12.0,96.0
1fe61aa5494bd3ae92a2c13e067c810f,santa cecilia,SC,1,537.76,7.99,100.0
2009a095de2a2a41626f6c6d7722678d,sao jose do rio preto,SP,8,388.89,9.83,100.0
2039c5e51785b5dde7cf93ccb3b7be2c,guaira,SP,1,159.9,8.27,100.0
204b4e07bddef3c9b317f70189135b22,borda da mata,MG,1,73.4,10.19,100.0
2059c39f76271d4ca3f15b5ffaccc8b8,curitiba,PR,12,604.9,9.59,100.0
20611af7866c6068fd5ae1f9dbe15c92,porto ferreira,SP,2,219.8,8.54,100.0
2063dd1b9f568df1c16741ea7d3e6adb,guarapuava,PR,3,763.1,12.65,100.0
2075d8cd4dd63ff12df0749a5866bb06,curitiba,PR,3,184.70000000000002,4.74,100.0
2089a6d640999f9b9141ac719b2af596,sao carlos,SP,41,7676.02,19.53,85.37
20a7efa9721046319bdde5d60b6b5365,laguna,SP,3,501.20000000000005,15.33,100.0
20a8b0dc55da94fe74d112082427c84f,itu,SP,7,407.4,8.24,85.71
20b54c376b794ed028df09a3cd88e8dc,sao caetano do sul,SP,7,927.87,21.16,71.43
20cb7c2fde3e5bf10f0bbe7394e1c6a9,andira-pr,PR,31,844.9999999999999,12.15,90.0
20d53aad4fe5ee93a64f8839609d3586,santa rita do sapucai,MG,1,14.5,39.28,0.0
20d83f3ef0e6925fd74bfd59170babf7,sao paulo,SP,40,2903.6,8.52,96.3
20f0aeea30bc3b8c4420be8ced4226c0,santa barbara d'oeste,SP,1,14.9,44.72,0.0
2138ccb85b11a4ec1e37afbd1c8eda1f,sao paulo,SP,388,12089.22,11.26,94.51
213b25e6f54661939f11710a6fddb871,salto,SP,152,15105.95,15.23,88.95
213fafb0ca06fb3d5886579c2565791b,sete lagoas,MG,3,189.70000000000002,4.26,100.0
2156f2671501a81034d7d07f217609d0,sp,SP,21,2909.5,15.28,85.71
217f005bb37ff3aeef5b2ae1788e75ba,osasco,SP,2,49.98,14.45,100.0
218d46b86c1881d022bce9c68a7d4b15,ribeirao preto,SP,382,53710.3,13.8,90.95
218f991754f360af9c2daa5e0b8e990c,sao paulo,SP,14,3554.32,13.21,88.24
2199e7fe213c16213bf5d6a7eadc9a5d,registro,SP,24,3767.29,11.15,96.67
21c62b998a043ebe31161d38f84929fc,fortaleza,CE,4,750.49,13.3,100.0
21d59342ba150175ca2aa4f8faddeca6,itaquaquecetuba,SP,2,259.9,8.62,100.0
21e83881401b92b49fb09a16d3852291,uberlandia,MG,12,3109.06,11.0,100.0
2235cf78d3e2073a88146a9cb60f0dd0,sao paulo,SP,1,178.99,14.22,100.0
226b05fe067266c59c15dae208213d06,curitiba,PR,10,1056.9,9.62,100.0
228e4c1a0be164f613d41c24345f9d2c,bandeirantes,PR,5,539.7,11.12,100.0
229c3efbfb0ea2058de4ccdfbc3d784a,belo horizonte,MG,118,15479.0,10.84,97.93
22a23e5ac7061fc538cc2a019afaaf16,belo horizonte,MG,1,95.0,11.03,100.0
22c32ec35d0116ef02c281798a25bf8b,maringa,PR,4,119.58,9.72,100.0
2305ab43e846518f58dd9d59f3f54e96,sao paulo,SP,3,788.89,11.83,100.0
232a6014e7b10cba61c6c2b2ea6bb4b0,cafelandia,SP,32,3819.9700000000003,13.64,94.29
23613d49c3ac2bd302259e55c06c050c,porto ferreira,SP,69,4193.1,13.89,86.08
236585a4ddb5fea9fa40233e2249ed91,caxias do sul,RS,11,649.53,13.14,90.91
2379bdc3888025689a9deb7b141507d5,mogi mirim,SP,9,999.5,18.43,66.67
238fac594e170b59c6d228f5a4f4f1d9,dois corregos,SP,29,3126.0,12.48,86.67
23a0ffca143a15b9b5bbdb7d552f626a,sao pedro,SP,23,3718.51,11.14,87.5
23c38debaffe4a25a30fdbd9b586a13f,votorantim,SP,41,5382.18,11.56,84.78
23ca5f678e0b3ea6c630b30fa8bf51ea,sao paulo,SP,6,183.0,7.51,100.0
23d7c96d4a1160db1c726b248601b25a,capivari,SP,50,10658.24,13.26,88.46
23ff42c4bf1f8f16cddb19d8b972974a,itau de minas,MG,2,174.70000000000002,12.35,100.0
240b9776d844d37535668549a396af32,niteroi,RJ,35,13332.09,11.36,94.29
244b04680fdbded0acf5aebd9c92b44a,jundiai,SP,2,1701.8000000000002,38.01,50.0
244c2f1bff6afe1f2eaf9bfe9b2aed38,mogi das cruzes,SP,23,2580.0,15.37,85.19
247587846358bb1d2e4c6522020b36fe,sao jose do rio preto,SP,1,99.0,4.81,100.0
2493dc3f20131696a0ecdb9948051a8d,brasilia,DF,4,504.38,9.17,100.0
249f0e9905a6e06ad6c6bea7547ab9f6,rio de janeiro,RJ,3,347.95,6.27,100.0
24a6daf925d9d591870a66660416de31,robeirao preto,SP,2,60.0,13.62,100.0
24c1de8d9551c0b4fbc53317d53efda8,serra redonda,PB,1,355.0,12.78,100.0
2528513dd95219a6013d4d05176e391a,osasco,SP,160,32660.2,10.57,94.58
2528744c5ef5d955adc318720a94d2e7,jundiai,SP,5,6245.0,10.07,100.0
252e76235acb79183cfca6e34f13337d,campinas,SP,3,261.2,14.79,100.0
253c025bab43881055aeecde5e2d8b77,curitiba,PR,2,94.82,16.56,50.0
253f95b3a0e6983ae18aed49fbc2b845,sao paulo,SP,5,799.5,9.21,100.0
257e61d3251fb5efb9daadddbc2cf7ca,apucarana,PR,12,7729.0,8.1,100.0
258447aad3f7b01e2643c89f64dc5647,cianorte,PR,1,51.9,7.95,100.0
259f7b5e6e482c230e5bfaa670b6bb8f,poa,SP,136,8393.14,8.6,98.15
25be943a321c8938947bdaabca979a90,sao bernardo do campo,SP,3,479.0,3.2,100.0
25c5c91f63607446a97b143d2d535d31,itauna,MG,156,54208.78,13.93,93.98
25cf099de44674fde97473224f9d59ab,cotia,SP,50,1654.36,9.39,96.0
25debeafbce801fdd479539350185eee,igaracu do tiete,SP,5,237.85,14.71,100.0
25e47381a6c510ddeb36084e33b89f0c,praia grande,SP,16,1289.6000000000001,9.8,100.0
25e6ffe976bd75618accfe16cefcbd0d,sao paulo,SP,106,11552.62,9.98,94.78
262237171f48e85819065498cac80d7b,brusque,SC,4,599.0,8.98,100.0
2646baaf662d4d92ac48f047e35db92d,sao paulo,SP,15,1263.05,5.48,88.89
26562f211dd1364af2a8596dc945e8ae,sao bernardo do campo,SP,2,99.0,2.26,100.0
265fdc289dffa9f1ad801c74f7d0de47,jaci,SP,1,495.0,7.36,100.0
26785a546900236d66f2e4197c211158,sao paulo,SP,15,1019.2,5.77,100.0
269c5fc9fcadee614364c3620c30a1f9,guarulhos,SP,3,209.6,4.61,66.67
269cff2d3c8d205c11f37a52402ea93b,catanduva,SP,4,1281.59,7.12,100.0
26af45f5dfd967225a832838aa4e24a3,curitiba,PR,10,573.1,9.17,100.0
26b482dccfa29bd2e40703ba45523702,santa barbara d´oeste,SP,3,344.78,3.46,100.0
26bad72add1f86e08a776ce4ffdaf1ca,pedregulho,SP,7,622.0,10.94,100.0
26d6bbee02420494d471c9f6436929c0,curitiba,PR,12,434.51,7.97,100.0
26d8a1c7c75d513045798992ead43aa2,apucarana,PR,34,5937.13,12.48,91.67
26e13b6ff5b641b329e5524241ee2c93,franca,SP,4,119.69999999999999,6.64,100.0
26e2c91ef821e1ff8985f408788fe35b,ibitinga,SP,12,1649.4,24.88,64.29
26e2e5033827d2ba53929f43e03d8ffe,sao paulo,SP,1,139.49,5.27,100.0
26f6b7ab07be3e9e69ce82a6552efc19,rio de janeiro,RJ,2,54.8,10.98,50.0
270297ead4c65a6cd2593960d2af6b21,sao paulo,SP,17,9344.4,14.49,100.0
270572bb714b00531be85e16e1550f26,maua,SP,1,96.99,11.07,100.0
2709af9587499e95e803a6498a5a56e9,sao paulo,SP,25,1180.56,12.7,50.0
270d3ef21830ad0ecf3a6c53d08a533a,carapicuiba,SP,5,471.0,11.43,100.0
271b8923c6a549e02d3c9fd1f8c0422b,praia grande,SP,1,105.19,14.18,0.0
271c58a1d139c45eaf3316107c6d3a3b,sao paulo,SP,27,3597.63,13.16,92.59
272f092de69afedd4d2969440b37f18f,sao paulo,SP,25,1846.3300000000002,9.35,100.0
2745f798279e0ed033addcc1474776d7,sao paulo,SP,32,3668.53,13.36,90.62
276677b5d08786d5dce7c2149dcce48b,belo horizonte,MG,31,3424.2,11.1,93.33
27a56ff04b34c2ba34ce6ba4d3b9d616,campinas,SP,8,349.28999999999996,12.88,87.5
282c7480173bb9c01dd41cc739fec010,sao paulo,SP,5,4274.2,13.81,87.5
282f23a9769b2690c5dda22e316f9941,belo horizonte,MG,98,6464.28,11.21,95.41
28405831a29823802aa22c084cfd0649,sao paulo,SP,6,210.0,7.19,100.0
28872dc528e978a639754bc8c2ce5a4c,caxias do sul,RS,1,1009.9,4.04,100.0
289cdb325fb7e7f891c38608bf9e0962,belo horizonte,SP,109,13410.55,6.66,98.4
28a26ebce31d5918b181ede016fd693b,belo horizonte,MG,1,29.9,11.07,100.0
28c7d8743fbc8679f484868cc0fcaefb,itaporanga,SP,3,201.5,13.52,100.0
28d162ab86bb49d719c32f0ee6186eaa,ribeirao preto,SP,1,109.99,16.39,100.0
28ea411b354f14b1a494be4e79f0ce02,sao paulo,SP,6,820.0,8.92,83.33
28f10b1c5e5abb9d4857745bede6147c,sao paulo,SP,28,835.0,7.64,78.57
28fb0829fd777877cdc350d25cb5bd5b,sao jose do rio pret,SP,2,279.8,14.08,100.0
293dee954235e4e4e43f129313625ebe,brasilia,DF,8,1778.92,14.44,100.0
2953ce3a88f5e3c3b696d77fc9e4c8eb,sao paulo,SP,14,470.0,8.08,73.33
296729ffb9b684050dd24836dac4494a,curitiba,SP,2,114.0,7.27,100.0
297d5eccd19fa9a83b2630071ff105e4,curitiba,PR,8,834.97,6.88,100.0
299c89a525fee36c567f4fe72f038100,varzea alegre,CE,1,189.0,9.32,100.0
29c322e3f09f886f8bacbe91dfbd979e,santa maria,RS,1,48.98,6.67,100.0
29e6e05b65f93bc224c644319dc52ecf,juiz de fora,MG,4,475.6,6.92,100.0
29fe9f200d3fa0c668d2aa1ec7e08dfb,balneario camboriu,SC,5,400.0,10.75,100.0
2a1348e9addc1af5aaa619b1a3679d6b,belo horizonte,MG,48,2697.4,27.2,70.59
2a167ca73899c85001a837d8fb4962f6,sao paulo,SP,2,4097.0,7.4,100.0
2a261b5b644fa05f4f2700eb93544f2c,porto ferreira,SP,51,5355.0,14.46,78.05
2a50b7ee5aebecc6fd0ff9784a4747d6,brasilia,DF,1,199.8,39.74,0.0
2a5b78b41cd05baeac8df54c6606b92c,formiga,MG,46,15554.28,9.34,98.21
2a61c271b1ac763450d846849783e922,santo andre,SP,17,1486.77,19.74,86.36
2a6fbeaa7ab9e5d59a35841a8da71ce4,jaragua do sul,SC,30,1632.79,14.51,93.33
2a73cba571d90c694b7caca072ccf6ce,sao caetano do sul,SP,1,342.78,21.33,0.0
2a7c6c0b0d5efde2bf75ec1e1cec2d41,maringa,PR,3,147.6,10.61,100.0
2a7dc43cecabf23403078e2188437d1d,sao paulo,SP,52,4795.91,12.96,92.59
2a84855fd20af891be03bc5924d2b453,belo horizonte,MG,155,14989.0,8.54,96.86
2aa3443d7bf9d9bb11133f420d75e083,rio de janeiro,RJ,10,647.0,10.57,80.0
2aafae69bf4c41fbd94053d9413e87ee,porto alegre,RS,2,94.0,8.84,100.0
2addf05f476d0637864454e93ba673d5,brasilia,DF,12,4552.0,10.4,100.0
2b03ac196f5ed62ac483960fe0fa3b65,sao paulo,SP,7,843.1,12.89,85.71
2b1a40c1daabc6ca280c4b815c101841,divinopolis,MG,22,12342.6,13.91,96.97
2b2fed75b8e5ea3a052fc4c0825da485,juiz de fora,MG,3,510.9,4.91,100.0
2b3b9ce054da76a7428df143a567b156,sao paulo,SP,5,301.0,7.05,100.0
2b3e4a2a3ea8e01938cabda2a3e5cc79,sao paulo,SP,52,23629.15,8.7,100.0
2b402d5dc42554061f8ea98d1916f148,irece,BA,1,299.89,6.0,100.0
2b5ed0c9139dae8883a200dfcb272ece,sao paulo,SP,4,85.41,16.87,75.0
2ba91c7ad80ff88b23b7db823b43c233,itu,SP,6,740.4,18.65,66.67
2bd05d410a8fd26dc4184a15f4f2f588,belo horizonte,MG,6,1316.73,9.34,100.0
2bdb95a56a36ebbc6640337ac5eac174,sao paulo,SP,1,89.9,5.85,100.0
2be17df1c49978426251562096c3cc09,tubarao,SC,16,2165.0,12.27,93.75
2bf28e311bba65237358230cabac3f15,londrina,PR,7,294.0,12.42,75.0
2bf6a2c1e71bbd29a4ad64e6d3c3629f,nova friburgo,RJ,30,50628.9,13.37,90.32
2c00c85d30361cd2ced2969cffbbffa3,belo horizonte,MG,1,49.8,1.87,100.0
2c2c9832d1bb38c5b0034a3b47d313ee,santa maria,RS,1,49.9,12.09,100.0
2c3d56f92f360fb89d849b84e8f50eae,barueri,SP,7,425.1,13.62,71.43
2c43fb513632d29b3b58df74816f1b06,belo horizonte,MG,3,858.0,4.59,100.0
2c4c47cb51acd5ea5db5e0ae0e26542a,buritama,SP,12,2575.9,10.81,100.0
2c538755f1ca9540af144f266e70df6c,castro pires,MG,1,334.99,6.56,100.0
2c54051840f19eca309a5423cf22df36,curitiba,PR,2,23.7,8.93,100.0
2c9005d8043aff18b8557ffb7b13cda4,cachoeiro de itapemirim,ES,1,109.9,7.85,100.0
2c9e548be18521d1c43cde1c582c6de8,mogi das cruzes,SP,124,6013.56,13.73,83.04
2cb4700db635baa1c0d4f90ed27b6669,curitiba,PR,2,199.8,16.48,100.0
2cb6eb1b7185064167657fa09f541105,sabara,MG,6,1217.9,8.33,100.0
2cb98e27ce1c18abdb42209b34c382a7,ribeirao preto,SP,1,62.49,19.06,100.0
2d20f1cd18725c91147da0791d498022,londrina,PR,1,99.8,9.95,100.0
2d22fc3089eb907b29ebff50581fb472,macae,RJ,3,317.70000000000005,9.62,100.0
2d2322d842118867781fc737e96d59a1,sao paulo,SP,8,176.4,7.24,90.0
2d2c62bef4c8ba0dd74e0e228e808539,ribeirao preto,SP,16,3749.0,10.31,87.5
2d34636518ba88f5349b732fcf8ba2e4,sao paulo,SP,1,150.0,10.83,100.0
2d378dbb39815785238c0139c7647fb7,sao francisco do sul,SC,2,1154.0,19.64,100.0
2d42ebcda99fd55f6f4bc2f1ca035d50,uruacu,GO,10,921.5,9.65,100.0
2d50d6282f8aa2257819a77bfaa0efe0,ibitinga,SP,42,3008.48,13.76,86.05
2d518637f53161b973e01f56ea4bb88e,sao paulo,SP,13,1219.8899999999999,13.66,100.0
2d8cfba3fcd3170555941605edaa196a,osasco,SP,1,45.0,4.95,100.0
2d9e8987a2ea5cf88dce330249043ff1,jaci,SP,2,239.8,8.9,100.0
2dcf93836ae3ce0d7c93e2f10876467a,sao jose dos campos,SP,9,1443.8,6.54,83.33
2dd1fb6f0e42a2243b8a01e40cd41216,curitiba,PR,3,686.89,15.74,100.0
2dee2ce60de9709b1a24083217181a1f,sinop,MT,54,7784.5,14.45,96.36
2e0dba2da448400b1c11d7b4b22f32a4,santo andre,SP,7,235.87,8.84,100.0
2e13c71026e1a39ba5cc1b86dcb679aa,sao paulo,SP,24,3793.0,10.37,92.86
2e1a7d075abe038c1b2743005fe42ff1,sao paulo,SP,18,1366.8,14.95,72.73
2e1c9f22be269ef4643f826c9e650a52,sao paulo,SP,161,12170.24,9.72,93.41
2e2f44824ab87a0cb961f68bf4073e7f,curitiba,PR,1,48.0,10.96,100.0
2e3be8a987a30d7544dbbda6861cc14e,belo horizonte,MG,14,2472.86,14.03,93.33
2e7ea2aafec5835e781b21d6d1faf1f1,sao paulo,SP,7,528.4,7.16,85.71
2e90cb1677d35cfe24eef47d441b7c87,sao paulo,SP,127,13894.710000000001,12.1,87.59
2ea0861cc19e94cad86438c984c52da4,sao paulo,SP,6,165.6,5.25,100.0
2eb70248d66e0e3ef83659f71b244378,campinas,SP,187,38990.72,17.97,85.79
2ec6e37d992a95eaddb3369dcbcc76d9,porto alegre,RS,2,159.8,9.65,100.0
2ee0a0689f2f6a72f35a7cb6033f6e7e,presidente prudente,SP,4,272.0,9.68,100.0
2eeb6531ee027a48d401e72bebdd87d3,sao jose dos campos,SP,3,38.7,12.21,100.0
2ef086a599b597572aca4433b7ed6b3d,jaragua do sul,SC,1,49.0,11.24,100.0
2f09f7d37a97956d11cc1a7cadd5262b,ribeirao preto,SP,7,625.0,13.08,87.5
2f1e7b90e01d9f086cbcb301c0c3d406,blumenau,SC,1,59.0,7.11,100.0
2f3d8b4c9e2ee165075331fea3f3095a,sao jose,SC,1,130.0,12.33,100.0
2f4b0d3b9634b647d4edee577d7ebb7e,sao paulo,SP,10,337.9,6.51,100.0
2f4b9d112bfa44a214bc6cef085d17c8,afonso claudio,ES,5,293.99,14.16,100.0
2f73e04d12cdf0c945ded66bb3fcf6c7,cachoeiro de itapemirim,ES,3,1359.0,13.6,100.0
2f74af7a0ee5636f12c2336f9fffed47,sao paulo,SP,13,560.6999999999999,9.7,100.0
2f9b7ce230a057a98a9f5df5893ee36c,barueri,SP,2,141.82,10.46,100.0
2fa13c8bd5705d279f7ed5cc9ec61c68,sao paulo,SP,2,87.4,5.19,100.0
2fb25ab44bdbeae6a4d816e0d0c9d500,volta redonda,RJ,5,683.08,8.52,100.0
2fdde51ad3e12f297da656d4fbd5d0b5,joinville,SC,9,5803.0,15.27,100.0
2ff6b7bff164ef05590a52734e1296da,londrina,PR,7,1803.59,11.75,100.0
2ff97219cb8622eaf3cd89b7d9c09824,salto,SP,87,4339.1,8.79,93.62
3076499bbc033a927bf4a8a41bcf7fd4,auriflama,SP,7,359.33,7.12,100.0
3078096983cf766a32a06257648502d1,scao jose do rio pardo,SP,56,7910.84,12.08,95.08
30829ded4523ab9224b93bc49a62c95f,parai,RS,18,6911.71,10.49,96.77
3092c0b297aacfb4bb6e056ebe13b9b8,aruja,SP,16,1184.3000000000002,13.56,100.0
30a2f535bb48308f991d0b9ad4a8c4bb,santa barbara d'oeste,SP,71,4731.3,8.41,96.55
30a81d8cf85fb2ada1b1b094c9583a95,sao paulo,SP,17,1245.42,4.03,100.0
30c7f28fd3a5897b2c82d152bb760c17,niteroi,RJ,6,1849.38,20.65,50.0
312ba1d77e9c332ef21f9598b7f64cd7,guarulhos,SP,7,513.0,25.7,42.86
31344c16881c08a8a72c6d2eb29918c1,uba,MG,42,9365.8,15.7,95.24
31561f325664a8a7aba4c8d0c3a9b3db,sao paulo,SP,36,2702.19,7.35,97.37
318f287a62ab7ac10b703ac37435a231,sao paulo,SP,51,2432.48,12.17,88.52
31ae0774c17fabd06ff707cc5bde005f,americana,SP,11,6719.85,11.78,90.91
31be790e64fc99f8ff48ec2bd18a3104,sao bernardo do campo,SP,6,241.39999999999998,6.49,66.67
31da954dc0855f2495c6310f70a2f931,araras,SP,29,4583.0,8.12,90.0
31e60bf8d103ce47932a85f5562deb16,goiania,GO,1,181.0,14.46,100.0
31eec405c9bb71dec8e2629a92e764fa,cachoeiro de itapemirim,ES,5,256.89,8.57,100.0
323ce52b5b81df2cd804b017b7f09aa7,sao paulo,SP,29,2374.3,17.06,82.76
324583d68897f5ddbaf38f6248322176,sao jose do rio preto,SP,2,84.0,25.37,33.33
325f3178fb58e2a9778334621eecdbf9,taboao da serra,SP,36,981.6999999999999,6.28,100.0
327b89b872c14d1c0be7235ef4871685,manaus,AM,3,1177.0,47.84,33.33
3289d8c3eef4873f91ce0b1343c0dd58,praia grande,SP,1,199.99,13.83,100.0
328acb143b4a73aad6bee8e734f5d20d,foz do iguacu,PR,2,699.98,12.06,100.0
3296662b1331dea51e744505065ae889,catanduva,SP,1,517.8,3.4,100.0
32b8764b4ef628b53608fc34011fcc13,lages,SC,36,8884.0,11.27,92.11
32e5635e63cb374eb63afdd242fb6134,rio de janeiro,RJ,1,910.0,7.31,100.0
32f1bb9dfa65bc7df5c0d9d95a616be4,sao paulo,SP,4,246.49,6.56,60.0
32f83ffe11cd40f7adcf4eef171f52d9,uruguaiana,RS,1,29.99,10.57,100.0
32fdd5d44ecb43dfd6a24b9369eca144,carmo do cajuru,MG,8,479.2,16.07,100.0
333c4210e76a1aa2ab817b99437e3ff1,vargem grande do sul,SP,2,335.0,7.16,100.0
3340ef1913fb70d28420f6ceb685c339,maringa,PR,32,6731.15,15.51,90.48
334cab711dee080b079fa5779b584783,santo andre,SP,11,1069.7,6.98,100.0
33576ec5412fb5905d876f12f33bfde6,curitiba,PR,31,2718.0,14.65,96.88
3361277dc30b7cccdb0c286b24219756,maringa,PR,29,3905.05,13.87,88.1
3364a91ec4d56c98e44174de954b94f6,porto velho,RO,6,3579.94,14.83,100.0
33a17d60c64393351ebf1ef860f4e0f2,porto alegre,RS,43,8152.4800000000005,10.58,97.87
33a6f4b1e7cdc205511e76ba1b6e0186,guarulhos,SP,105,10295.01,8.54,98.41
33ab10be054370c254ddfcf0a6253422,rio de janeiro,RJ,4,213.2,5.81,100.0
33ac3e28642ab8bda860a2f693000e78,cotia,SP,34,3661.03,8.66,100.0
33c51922b6e3c16b24a8f28e5833c99d,londrina,PR,18,6657.87,14.79,95.0
33cbbec1e7e1044aaf11d152172c776f,bento goncalves,RS,15,730.67,8.13,100.0
33cbda8716511e27e556dff9d8418bf2,blumenau,SC,5,507.40000000000003,13.24,100.0
33d677f27a69b84051204ee4ae76eaca,joinville,SC,9,165.0,9.25,100.0
33dd941c27854f7625b968cc6195a552,vila velha,ES,5,6787.5,11.7,100.0
33fd411ed63a7c2f9005e3f065d9f85d,condor,RS,1,24.9,8.13,100.0
34056b8b55c1775a22af2331670a799c,penapolis,SP,77,6398.7,12.93,88.31
340636a908b13bbe0f4fb63fbe1d0c03,sao jose dos campos,SP,3,490.5,7.83,100.0
343e716476e3748b069f980efbaa294e,campinas,SP,17,922.5999999999999,15.76,91.67
3442033154be05bac582e173ef54fd12,sao paulo,SP,1,161.0,3.91,100.0
344223b2a90784f64136a8a5da012e7f,gaspar,SC,1,10.9,32.62,0.0
3442f8959a84dea7ee197c632cb2df15,campinas,SP,3,218.70000000000002,13.02,66.67
34675b28b826facfde119785bf287dc1,cascavael,PR,1,21.99,5.95,100.0
3481aa57cd91f9f9d3fa1fa12d9a3bf7,capivari,SP,25,1773.03,10.19,100.0
3492e68f37fd1df87f4f2f2ea247f445,salto,SP,8,787.86,10.19,88.89
34a557286ead8fe75c989e0afcf7d98c,franca,SP,4,414.9,8.27,100.0
34d1ca11b242c0fee2c834ae8d788566,congonhas,MG,40,13422.24,13.13,100.0
34f563c82a85b99ae9e6d60db5fc2e28,campo bom,RS,8,2332.3,10.74,100.0
3504c0cb71d7fa48d967e0e4c94d59d9,maua,SP,53,2349.94,7.33,100.0
35281d148dcf7134bae913c57db4e6da,sao paulo,SP,1,119.99,5.27,100.0
353e21e8bf8de2722b4fae1636664b76,canoas,RS,4,208.0,9.11,100.0
35857757f553273b1056c1cabdace7fb,ribeirao preto,SP,6,454.6,18.21,66.67
3586b8580d9c917874e053a1bb37b5ff,araraquara,SP,36,1524.7,14.06,95.35
35b96509602ec4b7da831b5cd73ff2c2,sao leopoldo,RS,2,558.9,9.13,100.0
35ef5aa32949680f627efec3c23e705c,sombrio,SC,4,361.59999999999997,12.05,100.0
35fb511489d9ee3ee27a76debce9df06,londrina,PR,7,414.5,16.81,85.71
3606774ec64634822d78dc2db6d37045,sao caetano do sul,SP,1,179.9,15.82,100.0
365e445f796710c3431557e85caa25db,sao paulo,SP,4,1115.0,9.72,100.0
365e4bce19bda0082c3d15d83fdb8bcd,sao caetano do sul,SP,6,796.4,11.48,100.0
36890be00bbfc1cdb9a4a38a6af05a69,osasco,SP,13,1361.3,9.42,76.92
36a968b544695394e4e9d7572688598f,santos,SP,148,6864.47,10.73,95.51
36f98ad67cc981f50ce8aed093d5783c,toledo,PR,2,119.4,6.11,100.0
37303482a42fb700d8d127e70a9cd6c8,campinas,SP,1,58.9,2.05,100.0
373ee4a3a775a733770ca3f790b8b9ac,rio de janeiro,RJ,13,2141.49,10.61,90.91
37515688008a7a40ac93e3b2e4ab203f,dracena,SP,227,5954.1,15.08,89.96
376a891762bbdecbc02b4b6adec3fdda,goiania,GO,57,6406.23,12.12,96.55
376d67b61dce0c990155286e7ae486a4,sao paulo,SP,1,94.0,14.35,100.0
3771c85bac139d2344864ede5d9341e3,sorocaba,SP,26,1433.3,12.77,83.33
377bc18334c78dd2f1535ef22a3ad225,sao jose dos pinhais,PR,1,135.98,9.89,100.0
3785b653b1b82de85ab47dd139938091,ampere,PR,21,1552.0,11.33,100.0
37be5a7c751166fbc5f8ccba4119e043,sao paulo,SP,269,54735.55,10.61,97.48
37dd29b36c458d82f74a953c40c43645,limeira,SP,7,4536.99,18.83,87.5
38102b031c2a15e54623d711bfc753d3,mucambo,CE,8,418.0,21.44,100.0
381c83fdca332ea6afd896da20bf6e4a,curitiba,PR,46,7355.8,12.69,95.65
382229d1e840115ffe3dbf5ff460e417,rio de janeiro,RJ,45,4037.06,8.99,89.58
385799a1cddbd26dfeb9157356a42282,sao paulo,SP,4,551.9399999999999,6.59,100.0
38874e327ce94d11390b96eb42d61928,itaquaquecetuba,SP,6,3779.94,19.96,83.33
389e45560e33d2d0747f949dcddbc08e,sao jose dos campos,SP,1,39.0,3.95,100.0
38af8acfd46ac4a7bf754e8ca6736664,sao paulo,SP,5,345.0,6.39,100.0
38e679b9e0064cd94c6f035707344dae,londrina,PR,27,3644.15,11.19,96.43
38e6dada03429a47197d5d584d793b41,sao paulo,SP,7,596.14,12.77,58.33
38f276ca6e7cc95a6d1bb55ac9e5550f,marilia,SP,1,24.99,5.2,100.0
3903c788ded8dc03b5ebab37a2f3e9a1,carapicuiba,SP,5,119.97999999999999,10.3,80.0
391bbd13b6452244774beff1824006ed,campinas,SP,1,63.9,44.57,0.0
391fc6631aebcf3004804e51b40bcf1e,ibitinga,SP,521,39475.3,14.27,90.41
392353362d22cc2c236e1ee81ff19890,blumenau,SC,5,288.7,8.41,100.0
392e0502231ae2f8b29994ef6398cd77,cerqueira cesar,SP,17,1572.9,17.71,88.24
392f7f2c797e4dc077e4311bde2ab8ce,rio de janeiro,RN,2,52.0,5.31,100.0
3935fe5fe0f82787a9dcb8deb62be09d,sao paulo,SP,16,1681.69,11.01,88.24
3968920b9aa752ab98f7d5888c9252f2,bauru,SP,8,523.3,8.56,90.0
3969863bb8af7f72580b3b1ffd3a17b3,sao paulo,SP,12,623.15,9.84,100.0
397c4d0c005b6f41f90098ac724e28cb,santo andre,SP,5,8177.0,16.08,60.0
3985a3c45be355a4c57fde108bfabd1c,rolante,RS,7,344.2,10.96,100.0
3986c0b54f6b748b75e7bd4e092aa3e5,curitiba,PR,1,24.99,6.12,100.0
398cb257329ef7af7f1943a8974a3cbc,salvador,BA,1,145.9,7.09,100.0
39a5005f2605cbdb4f9ac14485cabfd1,barretos,SP,3,501.07,11.02,100.0
39c763cca83e654764b7a4a650fb9b7c,goiania,GO,11,761.0,13.49,81.82
39d54ff918774174706fb065d7f9dc07,sao paulo,SP,22,1554.69,15.16,87.5
39d61be7a92eb77b7da367bd4845bc0e,sao paulo,SP,7,700.59,10.63,100.0
39f776d2974049026ff531fc42ef2a3e,goiania,GO,3,1084.04,15.3,100.0
3a1a1fec38dd360f15fc912e821e169d,sao paulo,SP,15,2007.38,14.43,73.33
3a3c180dd702a725bd0ba4117689239e,uniao da vitoria,PR,1,41.9,13.82,100.0
3a3e46d10f74d8a6ca76e2b538f106a0,sao paulo,SP,2,299.9,16.04,80.0
3a4127e1ba7208ea37044c5092aae170,sao paulo,SP,5,1842.6999999999998,11.78,100.0
3a490ba60afa30ece0e7d50cfe74a4f0,belo horizonte,MG,8,1529.2,11.93,100.0
3a52d63a8f9daf5a28f3626d7eb9bd28,aguas claras df,SP,1,35.0,6.34,100.0
3a734b715d333a2588a3d54a0c9b8746,osasco,SP,15,2121.52,11.6,95.24
3a79f35a2344ede41af21267f61d5ec6,campinas,SP,1,186.0,14.27,100.0
3aa3c89ae3cd482385568be76120f63c,goiania,GO,1,29.9,10.83,100.0
3ab971ce71839580d2ae5b4e40fe8044,sao paulo,SP,35,4917.0,6.74,91.89
3ac588cd562971392504a9e17130c40b,limeira,SP,1,11.9,7.09,100.0
3ade81dab5a172b88e1871c28ae05260,sao jose do rio preto,SP,28,5383.6,13.8,86.67
3afc536624bc2e65bddfb5db33cc01f3,belo horizonte,MG,6,312.0,9.89,83.33
3b15288545f8928d3e65a8f949a28291,ibitinga,SP,101,13764.82,14.33,93.22
3b18f9856c6eb2413eafedb58e9eecd9,santo andre,SP,1,315.0,9.18,100.0
3b872fd4747f01cc56206f2934198618,ibitinga,SP,25,2726.7400000000002,14.42,85.19
3bb32fedaa74e4ad20f4ce067733bd31,porto belo,SC,2,103.69999999999999,6.05,100.0
3bb548e3cb7f70f28e3f11ee9dce0e59,maringa,PR,46,7690.02,10.68,100.0
3bdff180c7e1f6551a643b99c265a120,sao paulo,SP,56,3008.2000000000003,10.29,93.1
3be5841cdcc46de4ed3f9116f104b2c5,barueri,SP,4,599.6,8.01,100.0
3be634553519fb6536a03e1358e9fdc7,sao paulo,SP,80,5231.02,9.78,91.58
3bfba5a77604f6dfae7e6dd7aaf65821,londrina,PR,4,2095.5,9.36,100.0
3c010235b7345c92f125d14ee232a76b,mandirituba,PR,15,3578.0,11.04,100.0
3c03b12bab54d8b37d79d914bfdb1aa0,sao joao de meriti,RJ,37,4236.34,13.75,83.72
3c3017960b2dbd72711a61f0400aab8f,jaragua do sul,SC,9,878.9000000000001,12.52,100.0
3c487ae8f8d7542beff5788e2e0aea83,gama,DF,30,9385.699999999999,13.41,96.97
3c4e0452bff7a2a788179488d3d77032,colombo,PR,32,3746.4,13.53,97.22
3c7c4a49ec3c6550809089c6a2ca9370,sao paulo,SP,139,4002.75,9.76,91.77
3c88ed2e76a2247933a15daa7161eb1c,cosmopolis,SP,1,155.0,19.91,100.0
3ca08eeb8d5595949fed424bd3677742,curitiba,PR,13,1688.88,10.3,100.0
3cfa1358a6caa965278721344c8d76f2,sao bernardo do campo,SP,5,3140.2799999999997,6.3,100.0
3d01d1c414c44b5943a09619ff3853cb,campinas,SP,4,303.6,13.83,100.0
3d0cd21d41671c46f82cd11176bf7277,joinville,SC,9,447.8,12.93,100.0
3d2400ac620cffa23ac81bd192f7f555,sao bernardo do campo,SP,1,105.0,7.35,100.0
3d2531eccfbde1d7c8db7a3a12fb267a,contagem,MG,10,1999.54,10.0,100.0
3d290fe363c60a77498c1126fd3fb8d3,itapevi,SP,3,198.98,7.46,100.0
3d39fbf22a665714baf62fae36029e23,campinas,SP,8,2504.2,8.57,100.0
3d3ccf2b2f8134b10dce9dd446f0e075,ibitinga,SP,3,608.6,16.77,66.67
3d4824f20035949c710eaf111f869d39,sorocaba,SP,8,449.97,9.13,77.78
3d49bfdd1b43a7fe169b3740067acc61,montes claros,MG,3,215.0,8.76,100.0
3d4b1ae7539303b5704493798893e82c,sao paulo,SP,6,1076.0,11.56,100.0
3d5d0dc7073a299e31fa718ce1bc00b6,rio de janeiro,RJ,21,674.8,8.34,86.36
3d621842b2ed28e2b474132480edac3c,sao paulo,SP,8,873.9300000000001,9.9,100.0
3d62f86afa7c73be2628a3be1423f5a0,jacarei,SP,2,12.0,16.73,100.0
3d68c634a99a1ba46dbca3967a69c623,nova trento,SC,2,594.0,9.19,100.0
3d700782d7818f2c1e0d7a9e9d75fc00,sertanopolis,SP,3,149.7,25.73,66.67
3d871de0142ce09b7081e2b9d1733cb1,campo limpo paulista,SP,1064,93407.4,13.42,94.08
3d8fa2f5b647373c8620330c4e077a9f,sao paulo,SP,42,3501.74,9.32,97.87
3da38366e7bd9baf6369071f782ecdf0,fortaleza,CE,1,59.47,53.35,0.0
3db66a856d18a9cba7c9241fc5221c50,ponte nova,MG,94,9478.300000000001,15.83,88.66
3dbbce181edfaa4a597ec858c382d2ec,curitiba,PR,17,848.3,14.2,90.0
3dc69bf2c42f0568a5c4791ec3fd3745,sao paulo,SP,1,150.0,26.27,100.0
3ded4e2d5f135cb103e5949d7263d2dd,pouso alegre,MG,1,49.9,5.15,100.0
3df020b72d3d44b3af9d110fa3940b65,jales,SP,55,5039.9,12.83,88.12
3dfd3dc96f7f8598eca74e9ac8a2fa31,sao paulo,SP,6,183.0,12.23,83.33
3e35a8bb43569389d3cebef0ce820f69,sao paulo,SP,1,55.8,7.92,100.0
3e46a38ee171c503c3b4a3f23fe3bf0c,sorocaba,SP,1,59.9,4.18,100.0
3e51f9cbe317bc3a88f2c76583811ee4,sao paulo,SP,1,76.09,8.87,100.0
3e8bd881d92466e63ba9e3e809cd3c50,rio de janeiro,RJ,8,1862.38,14.95,55.56
3ea00e1dea2b0659dbaf654735929220,curitiba,PR,7,505.0,11.45,100.0
3ea08c48e851106d2f584349daba335f,barbacena,MG,1,170.0,6.0,100.0
3ef37b7ca6dd2b80bd8af81a62504996,sao paulo,SP,2,700.0,14.35,100.0
3f0e48d209018b466fcd3bb4ccfeb520,curitiba,PR,9,5399.0,9.82,100.0
3f2af2670e104d1bcb54022274daeac5,terra boa,PR,6,973.6,19.11,85.71
3f3486b61f45078d4f31ee5e43d8c5bb,sao paulo,SP,39,3769.73,13.88,84.62
3f8034bfc6b8b4135534975d49f04c63,curitiba,PR,11,1273.9,10.54,100.0
3f84fefc07dc159b268d4a77d3e8c425,fazenda rio grande,PR,3,200.6,8.07,100.0
3f995f07c49d0d55a99d5c54957f7d81,itapecerica da serra,SP,43,3955.7,9.59,97.67
3f9be91358837bff69df67edfa3e42e8,londrina,PR,7,569.7,9.84,100.0
3f9c56764fabca627406093dcb3ef0b4,rio de janeiro,RJ,7,909.3000000000001,8.49,100.0
3fac58ce0ad699020c7944d53c41329c,sao paulo,SP,10,1244.95,4.11,81.25
3fadb4cba4c35bce6a7eaf9872d5623a,caxias do sul,RS,3,209.5,8.98,100.0
3faf68a3b0af94b10bac70d86077be49,holambra,SP,7,1322.93,16.16,100.0
3fd1e727ba94cfe122d165e176ce7967,araraquara,SP,35,2747.4,15.64,80.56
3fe7120d6257285ac6a3ce7cb071ccec,governador valadares,MG,2,199.98,9.57,100.0
3fefda3299e6dfaea3466ef346a3571a,curitiba,PR,1,209.0,6.31,100.0
4003520d80d0bad1d5623f7aa3c63cda,rio de janeiro,RJ,1,70.0,17.08,100.0
402916f742e5c740cc751493d9cf5053,guanhaes,MG,9,1252.0,6.27,100.0
403aa86912527d730337ffcb0fb096ab,belo horizonte,MG,11,8959.89,11.0,100.0
4049512728d969bec69f84088b012416,belo horizonte,MG,7,389.84,11.16,100.0
404e1ba01358af4cd63f679b2c4d1fa1,juiz de fora,MG,8,373.9,7.71,100.0
406740ee611378a662d274c7d8c43c4a,vitoria,ES,8,1790.0,16.02,80.0
406822777a0b9eb5c50e442dd4cd3ec5,tatui,SP,44,3548.09,13.61,86.96
4091f77d8c768fc3e81c20761471761d,sao paulo,SP,8,1079.0,18.03,75.0
40d54b51e962dbe09cabbcfd33298dee,santo andre,SP,30,6785.5599999999995,7.22,100.0
40db9e9aa57f7bb151bcda6b0f9bdbb7,recife,PE,12,23168.0,14.78,91.67
40ec8ab6cdafbcc4f544da38c67da39a,francisco beltrao,PR,2,117.8,6.58,100.0
411f3b52d857390502ee4e4d5ceabc2d,ribeirao pires,SP,21,1804.01,8.47,80.0
4125d9385a25e82d2f72d3a0fd55bc3f,santos,SP,1,42.9,8.99,100.0
412a4720f3e9431b4afa1476a1acddbe,campinas,SP,21,2058.1,10.47,95.45
4170f6a9367e6b5d6401d03ce6d54569,brasilia df,DF,4,568.78,22.09,80.0
417a1e6c7321084d2a0ae0d023cfad93,imigrante,RS,1,48.9,6.07,100.0
41958cbd3335433c8740300e8cd600d5,sao paulo,SP,1,32.99,4.84,100.0
41ab63a91b8b264e8c8780368bf1dd5b,belo horizonte,MG,12,2571.95,17.69,100.0
41b14765bd56c8ad10971074380f9c0c,santo andre,SP,8,395.5,7.07,100.0
41b39e28db005d9731d9d485a83b4c38,santo andre,SP,187,16306.75,12.49,94.17
41b86b552e54e3a7009596125aa8b167,sao paulo,SP,10,1595.3,15.68,100.0
41c2bad7229b0c25e6becf179ebf63ff,natal,RN,20,782.0,4.66,100.0
41c9d3997dd3c072c31139dc5bb5761f,araxa,MG,3,998.8,22.21,100.0
41da412d33e8da4f22baf55cb1bde82c,domingos martins,ES,15,862.9,9.21,100.0
41e0fa5761c886a630994a55c12087e7,guaruja,SP,5,423.6,10.24,100.0
4200ddf1967c5e41e48db62bc6d4b5ac,sao bernardo do campo,SP,22,734.8,8.98,97.62
4221a7df464f1fe2955934e30ff3a5a1,bahia,BA,5,849.5,16.57,100.0
422be4cc81a457fdb46f47edeb968ae5,ibitinga,SP,1,239.9,18.14,100.0
427165bf50f8ca07efc7bdc2bfcf1688,americana,SP,5,1603.5,38.57,40.0
42b6488f5b8246d9141712abd4b1b693,maringa,PR,2,247.99,7.9,100.0
42b729f859728f5079499127a9c2ef37,sao paulo,SP,103,4096.96,7.89,90.08
42bde9fef835393bb8a8849cb6b7f245,brasilia,DF,34,7574.0,9.83,97.44
42d4b7e70819438f5ada61c965e92d7e,goiania,GO,1,49.6,21.94,100.0
42ef3192a9ff87a22d1867b74b3ee205,santo andre,SP,23,1354.0900000000001,9.31,100.0
42fa4ee7240e9b8eb4576358ec142ba7,caxias do sul,RS,22,3845.7,6.92,100.0
42fb44130ac3134cde8e35cf8ec7df25,pinhalzinho,SP,2,43.8,5.9,100.0
430315b7bb4b6e4b3c978f9dfa9b0558,sao paulo,SP,19,2864.4,14.36,95.0
4305fe92735c8a43d154ff6dd2b8d927,coronel fabriciano,MG,17,2606.1,11.23,100.0
431050a06a317f2b38168dec3dcd2b46,sao paulo,SP,10,1370.0,8.92,100.0
431af27f296bc6519d890aa5a05fdb11,ribeirao preto,SP,116,12974.6,16.94,84.68
4324dd16853115efb0fd9d0d131ba6f4,sao jose do rio pardo,SP,12,1052.25,12.77,94.44
432c37c9dfba871172ec162e20118b8c,brasilia,DF,44,2679.87,15.7,85.45
432c67955c0acd1fd6b0b5d678766a71,sao paulo,SP,1,389.0,6.68,100.0
43402bdf22aa2310e8f99e2f94f78628,ribeirao pires,SP,4,649.95,16.23,100.0
4342d4b2ba6b161468c63a7e7cfce593,rio de janeiro,RJ,2,528.9,15.68,50.0
436bf27f2f18474fc6047702e9f8a866,campinas,SP,1,29.9,19.17,100.0
4371b634e0efc0e22b09b52907d9d469,sao paulo,SP,101,8168.0,10.74,92.79
43753b27d77860f1654aa72e251a7878,barro alto,BA,1,23.9,27.33,100.0
4391ea5c5990502176a1dcda44a2373d,porto alegre,RS,3,2349.0,10.33,100.0
439a47cc365d6e3bd526812ea9de3c29,mogi das cruzes,SP,8,1186.5,8.55,84.62
43a1d4bab73b816e44ef4e4facd9f9b5,maringa,PR,1,189.9,9.83,100.0
43a5d4a57af536fddc96d08be3afdfcb,varginha,MG,1,75.0,11.81,100.0
43b2c864251aa0ce4030c746984e088a,brasilia,DF,2,94.8,5.62,100.0
43f8c9950d11ecd03a0304a49e010da6,carapicuiba,SP,41,4249.59,11.5,92.68
44073f8b7e41514de3b7815dd0237f4f,brasilia,DF,142,18380.64,13.17,95.36
440dd6ab244315c632130ecfb63827b1,votuporanga,SP,91,13089.0,16.67,86.96
443d880f15cbd3572885e1d44bf2c478,marilia,SP,1,94.8,12.4,100.0
4450bd8327d471c4a11a83d1445b1b62,cotia,SP,1,199.0,7.31,100.0
446cc09cdbb130904da114e807dbec40,sao paulo,SP,3,252.8,4.27,100.0
44717f64ec2a457979cf83c429077666,santa rosa,RS,2,107.0,5.79,100.0
447d377bdb757058acb569025ee18a93,carazinho,RS,1,64.99,18.0,100.0
44ed138eca6214d572ce1d813fb0049b,canoas,RS,2,129.79,8.59,100.0
44f091b5abab8018f682fce8124b85e5,sao paulo,SP,3,354.4,15.19,33.33
45213867cefbf2cd4c6177e10216a951,araras,SP,14,4955.42,14.92,85.71
4559697a8f7e637227c2eeaed843baff,presidente prudente,SP,39,3486.3,12.94,92.31
455befea1bb853c75ccbca94cff26e5c,resende,RJ,1,19.99,12.44,100.0
455c5640e8c5bd1b2ee85c0158f85727,luiz alves,SC,8,6729.5,14.97,100.0
455f46ef09a9e45667e2981df84b5cc2,sorocaba,SP,1,29.9,13.02,100.0
457fe919b032a3f7dadba6fb92cf7855,paulinia,SP,9,1104.89,5.96,83.33
458c6fa920810ce2492da71bc26d9eec,catanduva,SP,2,756.76,25.4,100.0
458d868c9642f55f18f04e951a3fdde6,porto alegre,RS,2,2718.0,17.61,100.0
45a3d05fb00435e52a28859dd03703b3,guarulhos,SP,1,1299.0,25.72,100.0
45ba18c210d42734ec52c0c1c574e9ee,sao roque,SP,35,5099.44,7.17,94.74
45c20d94d9171b0bcfab3c955e47d67b,cordeiropolis,SP,4,129.45999999999998,14.43,100.0
45d33f715e24d15a6ccf5c17b3a23e3c,sorocaba,SP,56,4518.49,11.53,93.1
461ff5303b6c9c1a4a07f40c5aece516,pinhais,PR,3,102.69999999999999,6.6,100.0
466222e777149751370e7e98fb623b0c,rio de janeiro,RJ,1,87.9,6.83,100.0
4677a5437afda5fa7140b927b07be1cc,japira,PR,11,3415.7,12.51,90.91
46dc3b2cc0980fb8ec44634e21d2718e,rio de janeiro,RJ,503,122811.38,11.8,93.69
46ef1a25845fc051c2998d878354810c,claudio,MG,5,250.41,16.85,80.0
4736e9d642ef4257cd7622516931eb51,piracicaba,SP,16,1078.8700000000001,4.87,100.0
47648caee88ccfe951fbb27fbf7b4cbe,diadema,SP,3,1564.99,13.72,66.67
478bfe564db21eeb44386606aa30b650,pedro leopoldo,MG,3,182.70000000000002,13.97,100.0
47efca563408aae19bb7206c2d969ea9,teresina,PI,11,2383.0,13.79,100.0
47f55702f598c7c6cc8458b0fbc1c49a,dores de campos,MG,1,75.0,17.29,100.0
48162d548f5b1b11b9d29d1e01f75a61,piracicaba,SP,66,20109.39,11.22,97.75
4830e40640734fc1c52cd21127c341d4,sao paulo,SP,204,9490.5,9.94,93.4
48328ec9a579151d9cc6a86d4a59336c,canoas,RS,1,1099.0,21.23,100.0
483ca627d131e18f988349b1655c0acd,mogi mirim,SP,1,264.0,15.34,100.0
48436dade18ac8b2bce089ec2a041202,volta redonda,SP,134,11821.11,14.15,93.2
485452467ff670447e84a8370c3fc898,taio,SC,3,175.7,14.23,100.0
4867209cb29b56b92893d7bde3ce8012,jau,SP,1,150.0,10.23,100.0
4869f7a5dfa277a7dca6462dcf3b52b2,guariba,SP,1124,226987.93,15.01,88.41
48985c61529077fa4f1e38bcff0f2ed3,porto alegre,RS,7,879.3000000000001,10.34,100.0
48b6c3f4c6a93171da04b75313f2130f,osvaldo cruz,SP,2,290.26,24.13,100.0
48bad451945f5227341793478d6353ea,sao paulo,SP,3,307.0,22.08,66.67
48e5ee06fb2dc74df1c711a9b6dfac2a,oliveira,MG,1,57.0,11.24,100.0
48e954b2da4f6a750c844173b347ed40,porto alegre,RS,2,397.79999999999995,8.07,100.0
48efc9d94a9834137efd9ea76b065a38,curitiba,PR,33,345.6,10.83,100.0
48fb026ed7455a42f5d3e9390ed5088e,barra mansa,RJ,9,489.73,11.89,100.0
49067458c68f7701fd334ce326accbe0,juiz de fora,MG,17,1047.6499999999999,12.06,91.89
4917cee8d902e13428c3ec4b1ca6f315,blumenau,SC,31,5103.9,18.08,96.77
491a5ada3aa1678414e990262c4bbdc1,sao paulo,SP,1,1420.0,6.89,100.0
49383af7ab774e4e8f3000f49c83dc4b,taubate,SP,8,660.0,7.98,100.0
4965a7002cca77301c82d3f91b82e1a9,sorocaba,SP,1,8.49,6.27,100.0
497709c2976a8fa308730a2dec5b0726,diadema,SP,1,76.0,5.95,100.0
4978a02ea9c8be7a9b5480680f40334e,sao paulo,SP,18,2356.61,5.34,100.0
499185655c29ecfdbfe776ef7cf875b5,porto alegre,RS,1,89.0,11.12,100.0
4992e76a42cb3aad7a7047e0d3d7e729,sao paulo,SP,56,2171.2,8.29,93.15
499ec63c58e51296c9cf57edcfe1c8a8,sao paulo,SP,5,365.0,5.23,100.0
49cdc90518a4f82676b38b3c1aa43ff6,sao paulo,SP,5,1539.5,5.73,100.0
49e7217cfe4e427191c378ec626d8737,formiga,MG,12,2868.8,16.13,100.0
49f8d2ea7b718d0ce587d34207caf2b4,sao bernardo do campo,SP,1,149.9,6.84,100.0
4a1917ef994878940e1fb03eeb787ad7,brasilia,DF,2,768.0,9.94,100.0
4a1f694197d05fe70026b016a7316b41,pedreira,SP,14,907.77,11.07,95.65
4a23adac87cf538689fa600d976f78b2,sao paulo,SP,3,405.0,8.56,100.0
4a3ca9315b744ce9f8e9374361493884,ibitinga,SP,1772,196882.12,14.42,89.02
4a3ccda38b2129705f3fb522db62ca31,marilia,SP,64,16169.09,13.36,90.41
4a5b36211b1f51bf7eaa5c10a57fa483,sao goncalo,RJ,1,139.19,4.04,100.0
4a82168aaef173cbb6e46ae88728f919,irati,PR,4,512.0,6.72,100.0
4a82c4af97ffc0fb2dc26bfdc03b1842,lagoa da prata,MG,3,143.7,12.74,100.0
4aba391bc3b88717ce08eb11e44937b2,arraial d'ajuda (porto seguro),BA,27,7286.88,16.73,85.71
4aba6a02a788d3ec81c03137144d9a80,canoinhas,SC,1,89.9,13.22,100.0
4b0fdb526525f9890eb145bf1534640e,ibitinga,SP,18,2419.0,8.77,100.0
4b1eaadf791bdbbad8c4a35b65236d52,ribeirao preto,SP,5,960.0899999999999,22.55,80.0
4b39558c138930b9e5489c93b6df5fe3,aracaju,SE,4,1096.7,13.02,100.0
4b5f66b7adcf57f1ecc0d3c07dd6b177,vendas@creditparts.com.br,PR,23,6381.78,13.6,97.37
4b90495391ac0bd181a80a459df1e718,bage,RS,1,248.0,11.88,100.0
4b9750c8ad28220fe6702d4ecb7c898f,limeira,SP,217,15815.4,9.41,92.31
4b98b0428fc1932cc2514ef9ce2505e6,taboao da serra,SP,2,327.63,22.57,50.0
4ba52dfeba874da5b9ee7b17c7494f04,mogi das cruzes,SP,11,1463.0,10.62,90.91
4bcec44888b30ba9001234c534716d3f,santo andre,SP,5,146.0,9.16,100.0
4bde6149c15cf7e177b36fa060dd6de8,carazinho,RS,2,159.8,10.62,100.0
4be6b962d83299498bae2190f95d6566,sao carlos,SP,11,508.8,7.36,91.67
4be9ae93c4fc0f41713d71a4194ee1b3,divinopolis,MG,1,109.9,11.09,100.0
4bf2f4ee540798a61f9636d12cd9cc80,assis,SP,29,4995.56,13.48,96.67
4bf658053d453036c70976bccb2c31b2,sao jose do rio preto,SP,2,1742.99,24.68,100.0
4bfc7a4a1cf8d4d2121c27422d9e50b5,sao paulo,SP,26,8124.4,8.03,97.5
4c03b9dd4c11ee2cb35c96c49efc9420,campo limpo paulista,SP,48,6458.6,10.53,97.92
4c18691b6037662be2df78a765d98ab5,sao paulo,SP,63,3195.52,9.12,92.54
4c1c7281388a33dd06daac44f9fadbd1,marilia,SP,5,188.32,8.79,100.0
4c2b230173bb36f9b240f2b8ac11786e,sao paulo,SP,258,14474.57,12.8,90.96
4c498c7345e89aebad651544829beca0,carapicuiba,SP,47,4570.27,10.83,87.23
4c4d546adf3c3868fe19c9ec6e9ffda9,maringa,PR,2,111.69999999999999,6.74,100.0
4c60877808f4318ef1107fbeb8f89afa,atibaia,SP,2,118.0,15.19,100.0
4c61e37f664c3c88aff092aa5ac779d7,niteroi,RJ,7,788.3100000000001,16.8,62.5
4c8545742faaf58fafd5fd14d25d75cf,fernandopolis,SP,4,3020.0,9.97,100.0
4c8b8048e33af2bf94f2eb547746a916,ibitinga,SP,19,1882.45,19.07,86.96
4cc43a222a0f94910728b62b97a8c5f8,ribeirao preto,SP,1,108.5,14.15,100.0
4cc4fd4fdd406a85bbdc1f824b731bd7,toledo,PR,1,539.98,8.3,100.0
4ce8b55b4bfa4659184e7becc1fba3f2,fazenda rio grande,PR,2,199.0,12.42,100.0
4cf490a58259286ada5ba8525ba9e84a,tabatinga,SP,7,1075.3,24.77,100.0
4d0041cdbe51b4617d95c70b19decc74,juiz de fora,MG,8,5235.200000000001,7.16,100.0
4d232b78ab7ef10393dc3807d827bc0d,belo horizonte,MG,5,1475.0,6.17,100.0
4d600e08ecbe08258c79e536c5a42fee,entre rios do oeste,PR,7,3816.17,12.94,100.0
4d6d651bd7684af3fffabd5f08d12e5a,jau,SP,363,42999.0,13.06,95.37
4d9fea3499bdc22aa4da4e339365f215,sao paulo,SP,2,192.54000000000002,12.67,100.0
4da0e408c99d2fdc2126dc9fce518060,cornelio procopio,PR,44,3026.0,9.16,100.0
4dab98ca6cd6d3df586203cefd28a042,porto alegre,RS,1,154.9,28.01,100.0
4dbd95a08b31ede5c82d3f861cb1ce1a,curitiba,PR,4,370.78000000000003,12.34,100.0
4dc2e811a1760953cb7c6a590b498943,itapui,SP,1,175.0,6.67,100.0
4dc646b9b9e8e411ef48ba000ea3ac6f,valinhos,SP,4,289.7,10.66,80.0
4ddeb3e828550cddc8d45c8bc36ab2d1,sao paulo,SP,1,152.0,7.87,100.0
4de6e4ba574aa9dfdc824bc44dc47fdd,colombo,PR,14,451.1,9.37,92.86
4deebb3199eeafb282ae33229144f94b,sao paulo,SP,4,779.7,11.75,60.0
4e06067cc08b3f41d837768d392c3ee3,betim,MG,31,941.72,9.79,95.65
4e0d109ccfba9a1151c103049880c857,sao joao de meriti,RJ,2,279.89,19.23,100.0
4e17c65a516f69d023a2ae78b84f28d6,suzano,SP,61,7639.26,14.78,89.19
4e2627090e6e5b9fabba883a37897683,belo horizonte,MG,1,39.9,3.98,100.0
4e326052e5dbba8adcd512f3450a307e,sao paulo,SP,3,570.0,19.84,100.0
4e42581f08e8cfc7c090f930bac4552a,portoferreira,SP,1,98.0,47.1,0.0
4e480be820e37de1444325ff358c9296,tres coracoes,MG,1,430.3,12.11,100.0
4e5725ba188db8252977a4f0227bd462,ribeirao preto,SP,21,1865.09,20.76,70.83
4e6015589b781adaa5ce7f1892d06bb1,guaruja,SP,3,684.0,5.89,100.0
4e7c18b98d84e05cbae3ff0ff03846c2,jaboticabal,SP,81,9038.9,12.09,95.45
4e85b538b0dad58852641540686d0e14,sao jose dos campos,SP,4,361.97999999999996,17.23,50.0
4e8dacf3d38f281ae26c3e0321d92d88,sao paulo,SP,8,2055.46,13.57,77.78
4e922959ae960d389249c378d1c939f5,jacarei,SP,412,45338.42,14.63,89.24
4e92348462c75b6c842b994ce84a0ed4,cachoeirinha,RS,1,69.9,9.84,100.0
4ea2f12dbe91deeacd2c1e74f069a6e6,sao paulo,SP,4,210.2,8.44,100.0
4eb61f060e7dcc1d5a80d806c35cc541,sao paulo,SP,8,1313.0,6.2,100.0
4ebdc7e6cd6102a022dadc49156d4ea8,sao paulo,SP,29,928.6999999999999,10.18,96.88
4eeb99008a0f59d2c7759c59f9a346eb,embu das artes,SP,2,1282.0,7.66,100.0
4ef4c39cf3c24f326434cf0b2e48046a,sao paulo,SP,7,792.0,13.79,87.5
4f0d637c1197fd65405ebd755ac9f86b,taboao da serra,SP,2,199.8,7.35,100.0
4f1f1c8666cdb6442f775c4e8caed465,belo horizonte,MG,2,944.98,19.96,100.0
4fae87d32467e18eb46e4a76a0a0b9ce,ronda alta,RS,1,100.9,6.81,100.0
4fb41dff7c50136976d1a5cf004a42e2,feira de santana,BA,3,1230.0,66.75,66.67
4fe2f67634d00c021aa01f96b6f2d68e,maringa,PR,2,86.8,10.98,100.0
5011f0d93373a4c5753adf58ca77af8d,santos,SP,11,859.52,14.98,80.95
503c1de08ae81a2d86f17951b204db55,sao paulo,SP,22,4906.99,13.49,90.91
5058e8c1e82653974541e83690655b4a,itaquaquecetuba,SP,62,9812.83,26.44,87.01
5075aaa8404020ae6aa8bf4792099b41,pocos de caldas,MG,10,1572.88,12.41,100.0
50770d25768b0486d89be26afca3108f,santo andre,SP,6,171.76999999999998,13.48,83.33
508808d438fe2ff972ed13bb8f4a82e2,sao paulo,SP,9,234.84,4.52,100.0
50a7e551a7b3f8d37cd6e32d8bfbe5ea,sao caetano do sul,SP,1,140.0,12.59,100.0
50bf89f1349bc0409a268c3a49678009,jaci,SP,1,179.9,9.62,100.0
50c9975695009e5e6473912e83a6d1da,claudio,MG,50,3964.4,15.21,89.71
51209b446b2073894bdc0face6c73ffc,vila velha,ES,2,359.6,9.96,100.0
512d298ac2a96d1931b6bd30aa21f61d,rio de janeiro,RJ,11,7401.94,10.06,100.0
513a54369b6a8a6602fcb0e129c6d78d,sao bernardo do campo,SP,2,47.8,3.57,100.0
5145090ab595c0d0b8557199f5701fbf,curitiba,PR,4,1459.6,15.68,100.0
5151aea44289d6c6b090ee31c2132508,marilia,SP,7,1315.3,17.38,100.0
515d781150feed28a6ac091bb0e3cb8c,campo grande,MS,6,1002.35,9.78,100.0
5160d23075764e18e07c1f4a87fad743,sao bernardo do campo,SP,33,2359.0,9.39,97.37
516e7738bd8f735ac19a010ee5450d8d,rio de janeiro,RJ,74,6463.19,8.78,95.12
51702dc2a3e106c76dbff722b5bf0726,conchal,SP,13,2705.1,14.73,100.0
5194c22ed1f616ec0c0f33c571542879,santa rita do sapucai,MG,4,245.6,12.32,100.0
519a7aa428f18d125a283cf8c014fdd6,rio do oeste,SC,3,79.69999999999999,7.48,100.0
51a04a8a6bdcb23deccc82b0b80742cf,braganca paulista,SP,1,167.99,35.31,0.0
51e0557bc7b86de13e946c60ee91ce39,belo horizonte,MG,1,45.8,10.43,100.0
51e4e89242cbb846c2deff3dc015650e,rio grande,RS,16,822.58,9.21,100.0
51ed72984a04e5dd35c2b27e77179038,sao jose do rio preto,SP,7,1294.3,16.58,85.71
51f108f62cb87d61918159902c8f8583,cascavel,PR,3,303.73,5.97,100.0
52092ddbd3a58c450a4459bf051b2287,dois corregos,SP,6,351.7,12.9,100.0
520b493b57809f446cb0a233bb3e25c7,santos,SP,63,3698.9,7.38,97.26
522620dcb18a6b31cd7bdf73665113a9,cascavel,PR,172,56690.49,15.23,89.89
5236605f4d4b0b3e4df85b850393fca0,sao paulo,SP,5,265.3,10.49,80.0
52454f90d4c30c016768db02f88c1a74,campinas,SP,3,80.5,12.81,100.0
52562a9f449c3dc3d53f5f5b9ed74903,parnamirim,RN,14,3266.6,13.36,100.0
525e75a6fb1454a2325ab1734bcec221,barueri,SP,9,607.17,6.35,100.0
5275ca25d0358ca73864e0ae41be1320,guarulhos,SP,4,409.6,7.04,50.0
527801b552d0077ffd170872eb49683b,garca,SP,90,17942.8,13.01,90.22
52831e5990d0771cb4951d6f12928167,tupa,SP,1,65.0,5.11,100.0
528bcf6680c36dddf07620bd35b33a6f,sao paulo,SP,2,969.98,21.28,50.0
528ce32f560edd11add4169f6a5b65be,sao roque,SP,2,59.8,10.16,100.0
52956b80ae65fda598f06f6b9943e7a9,maringa,PR,3,792.0,25.61,66.67
52a50b42accf164f9f019941e5759d9b,monte alegre do sul,SP,4,139.96,5.38,75.0
52a52b9f656520e99716f5bc40f661c8,sao carlos,SP,7,783.1,10.53,100.0
52ac6f920b7280e4c6d30dd94de6259b,pinhais,PR,6,5657.3,12.02,100.0
52b53f7061969fe471d119b6195da864,itajai,SP,1,90.0,3.33,100.0
52bb00821bcdd358a5a5a27e1f6be5a1,osasco,SP,2,349.8,15.99,100.0
52d76513f0c4d97f3b99570e2c94ee31,novo hamburgo,RS,19,8153.1,11.81,96.43
52f0fe436a347ddad7ed5f9aa4e27eaa,sao paulo,SP,19,1452.49,13.99,85.71
52f6f9f13ba19504c02781132a049e75,curitiba,PR,1,199.0,16.29,100.0
52f976b17ea7f2f087f56dcc419328f6,california,PR,6,7630.0,10.38,100.0
52f9db5cfb423382a2fa5c9e39303202,echapora,SP,21,1218.78,10.04,100.0
5305693ffae2d3463377b1f6fe67b15a,penapolis,SP,1,93.56,13.37,100.0
53088c75f948b48a7ece173ac17f0c12,triunfo,RS,3,261.70000000000005,10.96,100.0
530ec6109d11eaaf87999465c6afee01,cascavel,PR,94,12682.11,10.71,99.01
53243585a1d6dc2643021fd1853d8905,lauro de freitas,BA,348,217940.44,13.37,96.0
53336f97ddbe53e2a617d07b17447b95,sao paulo,SP,1,599.5,19.43,100.0
533d46c1b06970e99f09523a61df4972,itapetininga,SP,2,159.98,16.6,100.0
5343d0649eca2a983820bfe93fc4d17e,santo andre,SP,70,9819.02,11.36,90.91
534a01cc6df1e034e05c32028a291fa2,jundiai,SP,5,235.59,10.69,100.0
535bf14f36346c7f59d87cece104d70c,rio de janeiro,RJ,1,50.0,4.22,0.0
537eb890efff034a88679788b647c564,rio de janeiro,RJ,158,4617.9,9.12,94.15
538caafddff204241cecbf3a02e6b3cf,sao paulo,SP,8,128.4,17.31,50.0
539ed9e19811677513447759be5eccfc,belo horizonte,MG,2,32.83,5.07,100.0
53b0300ca793f9834cd69c0678d35ee8,indaiatuba,SP,5,1662.15,5.86,100.0
53d00c40e32aeb924a84ce72b1af869d,ibitinga,SP,17,2165.85,16.05,76.47
53e4c6e0f4312d4d2107a8c9cddf45cd,pedreira,SP,463,29587.77,12.03,94.73
54065e9aef7e9e9c2dc23b7594db021a,rio de janeiro,RJ,12,7079.0,12.42,100.0
5415337f1863452476d42d9f14a16a61,belo horizonte,MG,1,44.9,16.04,100.0
54219883e72aad869adfb2a54b7bfa0f,sorocaba,SP,5,6750.0,17.01,100.0
542917da124346b47ea1ac79a93ce454,curitiba,PR,20,1303.9,11.58,95.0
544863df86ed3b78a04e0820d41430ee,serra,ES,1,23.9,5.5,100.0
54583ab379489add547fe47b628db589,sao bernardo do campo,SP,10,2240.0,5.12,100.0
54965bbe3e4f07ae045b90b0b8541f52,foz do iguacu,PR,73,10351.7,26.73,67.9
54a1852d1b8f10312c55e906355666ee,santa barbara d'oeste,SP,198,17056.46,11.52,90.1
54aa8463e87776b5612f4bdc4bd5d4de,belo horizonte,MG,7,649.3,13.48,100.0
54c04bdb5ec46762f8f08c7e8f86ed4a,florianopolis,SC,18,3281.66,15.41,89.47
55029529919c0123526150bd26ca8f20,contagem,MG,7,453.95,8.7,100.0
553a440137d6e0cf776aee0bb83ac9f5,limeira,SP,2,144.8,23.0,50.0
5563732abe64c3036cb97ad924128dd1,guarulhos,SP,2,404.0,10.92,100.0
5566627eab3fe93fd6ee08798226101a,sao jose dos pinhais,PR,5,85.5,8.81,100.0
556a6409838156ea299c9d1f9e2dde43,curitiba,PR,4,1362.8,7.4,100.0
557f22c76691849db52d2abccf0015d0,morrinhos,GO,12,799.87,14.3,100.0
5587130f9850696ed7fafbc91c2cee44,sao paulo,SP,2,69.8,6.54,100.0
559d56f3b8f0bc2e5a9a62fe2ce2a39f,joinville,SC,2,385.0,12.3,50.0
55a5b51f93f2b70ea513f5a047b0262a,sao joao del rei,MG,39,4002.3,13.73,92.68
55bb6fe5bebe5012e2d7d9928e1128ff,bauru,SP,15,1816.55,16.58,81.25
55c26bcb609f480eb7868594245febb5,tabatinga,SP,6,664.4000000000001,9.69,100.0
55c96925041a14097b6a7825554f4ad5,sao paulo,SP,5,170.0,11.09,66.67
55d3daac7c404d59e51c2aa2f4dc5a23,sao paulo,SP,21,4480.6,8.79,100.0
55dedd83e501d8248880557d9073cbfd,rio de janeiro,RJ,8,1055.3,4.49,100.0
55f7a3319d80f7fdf078b8f03e6725fe,osasco,SP,22,3013.78,6.78,90.91
562f8cfc51f265411f487d07e9c40e7f,belo horizonte,MG,13,766.9200000000001,14.03,84.62
562fc2f2c2863ab7e79a9e4388a58a14,campinas,SP,255,8659.25,11.26,96.6
5656537e588803a555b8eb41f07a944b,brasilia,DF,171,7931.26,11.42,92.43
5659d77e8d90378e39b960ad5956f64e,taubate,SP,2,182.48000000000002,20.49,50.0
56642bcb79900e777d68e91915cb4267,sao paulo,SP,48,3657.64,14.24,83.93
5670f4db5b62c43d542e1b2d56b0cf7c,sao paulo,SP,22,6630.09,8.53,95.45
56db5c0782e8f7ddc9343f9576ff6d16,palhoca,SC,2,734.8,9.92,100.0
56e361f411e38dcef17cdc2a3d99628b,guarulhos,SP,5,1298.0,12.04,90.0
56f413900b5166ab4d730e9ac0b12cb0,sorocaba,SP,3,151.79,10.19,100.0
570d4583587a5fe2d47c7be89b91ad27,sao paulo,SP,2,125.25,5.75,100.0
5721089ba9214e80074f27d5a03fc0eb,sao paulo,SP,5,245.92999999999998,7.54,100.0
5733d806668f8712c24b9abaefbfa642,chapeco,SP,2,243.8,15.0,100.0
5741dc2bf5044c34d0698681c5081bed,sao jose dos campos,SP,3,89.69999999999999,7.19,100.0
575df70bde3f9f2b30bf8d2e9910d725,sao jose do rio preto,SP,27,5410.05,13.31,94.12
577719699805dd125d5b6fdde5943bba,nova petropolis,RS,8,1077.8000000000002,10.28,87.5
578fa3a9cb6b6dceab39231ad59cdaca,fortaleza,CE,3,150.0,22.4,66.67
5795aebfe331fbcd02a2c4b679fb7952,palhoca,SC,6,1280.0,12.2,100.0
579891617139df7d8671d373f0669622,rio de janeiro,RJ,8,280.3,18.42,75.0
57a834594e1e9e9219603bfec184eadc,santa rosa,RS,1,139.0,6.11,100.0
57c764b4a836300be881e2ff86e449f9,ribeirao preto,SP,28,1156.1000000000001,15.5,86.21
57d2ba47f7a3209aa347532ae75c1165,sao bento do sul,SC,2,318.0,15.69,100.0
57df9869a600bd6b7c405f2a862eccfb,santa rita do sapucai,MG,5,125.0,7.29,100.0
57e632711dec9ec14ca7546769483e7e,navegantes,SC,62,6350.06,10.78,100.0
57fe6232e67823593374a2281d7a8af8,capivari,SP,8,178.68,9.58,100.0
582d4f8675b945722eda7c0cb61ba4c7,bertioga,SP,59,4702.96,10.59,98.59
585175ec331ea177fa47199e39a6170a,montes claros,MG,1,3549.0,7.92,100.0
586a871d4f1221763fddb6ceefdeb95e,porto alegre,RS,1,198.0,68.62,0.0
5882820ef11c4c068eea0677a7a879b4,caxias do sul,RS,14,9925.5,14.97,92.86
58c851d1a3c7cd3da329eb59453fed44,rio claro,SP,2,268.99,4.61,100.0
58e4b302b54937e55a678c4d15111da4,colombo,PR,1,49.9,7.16,100.0
58f1a6197ed863543e0136bdedb3fce2,conselheiro lafaiete,MG,44,6833.0,10.39,93.33
59417c56835dd8e2e72f91f809cd4092,limeira,SP,18,36459.0,12.57,100.0
594f9aaa48e5bf431f011ddc5669b0d5,contagem,MG,37,3248.8,7.88,97.37
5962468f885ea01a1b6a97a218797b0a,curitiba,PR,6,674.0,10.91,100.0
596849622429351f47b32e6cae1055ff,mogi das cruses,SP,13,1069.8,5.48,100.0
5996cddab893a4652a15592fb58ab8db,presidente prudente,SP,1,810.0,5.08,100.0
59b22a78efb79a4797979612b885db36,uberlandia,MG,125,27184.5,12.5,87.22
59bbc819b99a733f02f0d6b49d1c253d,campinas,SP,2,139.8,5.46,100.0
59cd88080b93f3c18508673122d26169,praia grande,SP,10,392.33,13.63,75.0
59cea8e446d3834393058e7e0666b6fb,maringa,PR,10,696.6,7.27,100.0
59de1d4c8c057c2a53acd4ca66531af2,curitiba,PR,1,135.0,18.68,100.0
59fb871bf6f4522a87ba567b42dafecf,sao paulo,SP,123,21178.600000000002,12.08,93.6
5a05a16bb50629ee31afab8a6d4c2674,caxias do sul,RS,14,794.3,6.99,93.33
5a32c398a06c345440bf2a683b017ad3,rio de janeiro,RJ,1,34.9,11.97,100.0
5a413ade68e8f8d93071a7f52a64cb9e,sao paulo,SP,14,778.9,4.12,85.71
5a4236931428800e9d9cc04af0987118,sao paulo,SP,1,44.97,3.98,100.0
5a425cc503b39b262a847fd6212bf53b,londrina,PR,14,1340.6000000000001,6.82,92.86
5a6a02f419701fc8c605af71d4fc57a4,americana,SP,10,600.5,5.26,90.91
5a8e7d5003a1f221f9e1d6e411de7c23,campinas,SP,137,11042.1,10.47,93.85
5a93f3ab0ef4c84ed5e1b5dbf23978bc,monteiro lobato,SP,38,2299.2799999999997,15.05,97.67
5a9b3bcab695173c820e53934574ae80,salto,SP,1,139.0,7.14,100.0
5a9c0859cb00fd8aa4db443837f0a700,treze tilias,SC,2,208.0,9.01,100.0
5ab05b6d86d417796c69ffd6774ec832,assis,SP,10,1886.1000000000001,12.59,91.67
5abb8ea023c77787f2c15da891c8d384,joinville,SC,13,2241.0,19.68,76.92
5acd070dd3fe441bbb2ec1f1ede515ee,jundiai,SP,7,764.17,23.24,62.5
5b07547f10dd980738a1a27f685af669,guarulhos,SP,13,1134.6000000000001,6.2,85.71
5b0cc932433fa5184b5b94bfe6bcc256,ibitinga,SP,12,1437.8,11.72,76.47
5b179e9e8cc7ab6fd113a46ca584da81,sao paulo,SP,34,5173.5,12.67,91.67
5b2e94f2c22b39ccc24d34ad0f669672,sao paulo,SP,10,949.78,9.98,90.0
5b33b527da3c5b969cc99dc435cad09a,paranavai,PR,16,1872.79,12.78,94.12
5b35136197710e16ac5e7b7c2bd4ea85,rio de janeiro,RJ,7,3104.2000000000003,19.99,66.67
5b51032eddd242adc84c38acab88f23d,borda da mata,MG,12,3280.0,11.86,100.0
5b581417df4480f632484ba681e53944,florianopolis,SC,11,1641.6,20.34,66.67
5b664594895aefb418afaee6d40a9a23,petropolis,RJ,16,1008.8,10.45,100.0
5b67882648febfb6e1225e6ad7164f6b,umuarama,PR,27,6813.4800000000005,12.25,96.67
5b8154610ebb21fb90eb587365e673df,sao jose dos campos,SP,37,9048.05,13.16,85.0
5b85809efd0d0e4dea1a9544e1280ed9,presidente prudente,SP,12,1804.6000000000001,7.38,100.0
5b925e1d006e9476d738aa200751b73b,sao paulo,SP,63,7748.5,10.89,93.65
5b92bfa4120daa27c574daa2e386c693,sorocaba,SP,1,14.0,16.09,100.0
5b97c06a046398e7005b2b7c0d707a92,joao pinheiro,MG,3,1139.97,26.18,33.33
5bba18b40e8c973b0f32e748004775b0,itajobi,SP,1,739.98,7.07,100.0
5bc237df65098fe211bb4818f4d26d78,uberlandia,MG,2,126.80000000000001,12.48,100.0
5bc24d989e71e93c33e50a7782431b0e,campo do meio,MG,17,3148.0,9.19,100.0
5bc55dbe2f12b6af6d83ed46023e0dc8,coronel fabriciano,MG,17,2992.1,13.0,80.95
5bf397d04035b5f45cc41e82ec106803,sao paulo,SP,3,1525.0,3.5,100.0
5bffbafbb22daf6d3bfc216a46db8708,nilopolis,RJ,21,5239.7,8.64,100.0
5c030029b5916fed0986310385ec9009,sao jose,SC,7,4164.4,5.37,100.0
5c243662ce92d84573bfaff24c3e3700,sao paulo,SP,98,32862.02,10.81,97.0
5c3460cd3e8a984382ae254e7dd20d9f,sao jose do rio preto,SP,9,775.76,9.63,100.0
5c6d4016c2a288f074fa0848a2b653d2,sao paulo,SP,31,3100.0,11.05,91.18
5c853bb56f70f4d14218944bae111d7a,cotia,SP,23,263.13,8.61,100.0
5ca5d579b5857ee8709479b1047cecc3,sao paulo,SP,1,169.99,17.78,0.0
5cbbd5a299cab112b7bf23862255e43e,pinhais,PR,36,2726.06,10.79,100.0
5cf13accae3222c70a9cac40818ae839,patos de minas,MG,148,14293.300000000001,10.63,96.77
5cf1ec37aea089f45110c70653a166ab,sao paulo,SP,2,35.0,21.47,100.0
5d0363b33554b373851fc1622e4d5f3c,atibaia,SP,93,6548.79,12.73,91.49
5d043cd5512d4bd2f88e5ccdd5736c38,sao paulo,SP,1,650.0,9.57,100.0
5d378b73ab7dd6f0418d743e5dcb0bd1,sao paulo,SP,6,11254.0,30.49,83.33
5d3bb11474a06bdc23fb9e89f1164ee0,assis,SP,31,3654.6,9.75,96.88
5d505d2298ad549e4e4e835562fa0c1e,birigui,SP,2,249.8,5.9,100.0
5d76d80a2f5f39c891b996a1bf4c9853,sao paulo,SP,6,1238.5,10.23,100.0
5d9dc90a686a8fddacffab6bab5653a3,santana de parnaiba,SP,12,3761.94,8.63,91.67
5d9f3746e112e696f98ea22c56b3e912,sao paulo,SP,1,1322.64,7.07,100.0
5db42a6cd9bf1bf0d3aab9582767f168,vitoria,ES,1,200.0,16.87,100.0
5dc203c7b84a0e71e878a179de05fb9a,pompeia,SP,5,421.9,8.57,100.0
5dceca129747e92ff8ef7a997dc4f8ca,santa barbara d´oeste,SP,322,111126.73,11.27,94.17
5de1c80811ce7007f62f00d971236c09,florianopolis,SC,2,76.8,8.07,100.0
5debea795b07621e1f90532e18f96145,apucarana,PR,25,1883.78,10.31,100.0
5def4c3732941a971cba8fdee992ede1,sao paulo,SP,5,134.8,4.15,100.0
5e063e85d44b0f5c3e6ec3131103a57e,sao paulo,SP,1,22.9,1.29,100.0
5e105f5c9f63f5f1fd75d6cb942e55b1,sao jose do rio preto,SP,8,1471.9,9.29,87.5
5e106d93b717c2682b9383da480364a1,santa terezinha de itaipu,PR,1,445.9,7.26,100.0
5e25c632f9db6cfb8bc100421c2737b6,chapeco,SC,1,259.0,6.05,100.0
5e49e3a44bdeb5aab2684258bbd4f525,balenario camboriu,SC,3,507.0,16.66,66.67
5e9f5bd34e0830569f05c9d4f56e04a8,porto alegre,RS,2,239.98,10.03,100.0
5ee7fd217d08dfe5d3e2f51f96a12c9a,vargem grande do sul,SP,9,1165.5,16.86,77.78
5eeb9c756d9780b96283e5a2ac6da334,ribeirao preto,SP,9,2471.0,16.61,77.78
5ef131ac72773e5b3f6c0d63cf424657,ribeirao preto,SP,10,575.79,6.27,100.0
5f0057b677eb963672bf05dfa3f16c34,sao paulo,SP,4,213.88,7.04,100.0
5f06030071324cc52bf0304014ac7234,marilia,SP,4,783.96,10.36,100.0
5f1dc28029d2c244352a68107ec2b542,sao paulo,SP,62,2807.3,9.36,92.31
5f2684dab12e59f83bef73ae57724e45,sao paulo,SP,67,8870.970000000001,10.28,94.52
5f26c1408a65b42a7224cd463bdf3292,arapongas,PR,10,1139.8,6.43,100.0
5f3ae9136c875522250f8184f253413a,sao paulo,SP,42,1143.05,7.68,93.33
5f57db27027655e6c6a391601daa0258,viana,ES,1,98.0,14.37,100.0
5f5a58930c3c35f3b5af264f34fb8c85,ribeirao preto,SP,3,560.0,7.96,100.0
5f5b43b2bffa8656e4bc6efeb13cc649,sao paulo,SP,27,3677.2,14.03,96.55
5f67c6082caacb26e431a7b17940cece,maringa,PR,13,1662.6,22.2,71.43
5f7300535881cef3b625fd683cf7d145,canoas,RS,10,665.98,9.84,100.0
5fd924b4836098a5be0ecf81ba054ce0,sao paulo,SP,7,1148.8,7.73,100.0
602044f2c16190c2c6e45eb35c2e21cb,ibitinga,SP,48,3559.17,15.83,76.36
6025c79c035c3d772133b8b8238463b2,pinhais/pr,PR,2,989.74,8.11,100.0
6039e27294dc75811c0d8a39069f52c0,osasco,SP,63,13500.8,17.98,74.32
60562ab00b8054280520d390c8c0045c,sao paulo,SP,17,2943.0,10.18,100.0
6061155addc1e54b4cfb51c1c2a32ad8,campinas,SP,28,15633.4,5.79,96.97
606ce7768feac12c5e8bd58db8b08f0f,campinas,SP,5,2916.6,9.73,100.0
609e1a9a6c2539919b8205cf7c4e6ff0,brusque,SC,87,6595.23,10.34,97.69
60da8bfa7eebe230b7d66ac4082d79b3,fernando prestes,SP,3,86.6,7.78,66.67
610f72e407cdd7caaa2f8167b0163fd8,sao paulo,SP,16,13585.16,12.6,88.24
612170e34b97004b3ba37eae81836b4c,novo hamburgo,RS,107,23065.02,10.9,98.18
612a743d294c27884fb7b80d2b19ba35,curitiba,PR,2,3057.7000000000003,8.21,100.0
615005a3ef192c00c6f0e977cee3d2bc,itu,SP,10,286.5,13.4,81.82
615c3462099ffa940d37b17dfda19594,rio de janeiro,RJ,2,229.0,7.65,100.0
6179a28a13a726c29b3bf54c070dccab,varginha,MG,1,300.0,25.23,100.0
6187a137b2af59dfdbad8d9f8c373c14,osasco,SP,2,74.8,13.86,100.0
61b18775be84fb700a6b2d0ba097bf66,araraquara,SP,4,334.5,11.87,100.0
61c36f0fc4a47f9532e5512b66668e62,guarulhos,SP,1,750.0,12.31,100.0
620c87c171fb2a6dd6e8bb4dec959fc6,petropolis,RJ,722,112461.5,12.91,90.49
6219ba2359cfb97f2e38fd4c321eb309,sao paulo,SP,5,342.6,23.71,40.0
6235903333ba7de1928c869e268e5964,treze tilias,SC,1,94.06,4.97,100.0
623ad9d0c1e14bb5464a8c72bff7b4af,claudio,MG,1,95.0,24.09,100.0
624f4ece8da4aafb77699233d480f8ef,sao paulo,SP,52,9046.0,13.52,92.59
626ab1cd96932367f0eeec2e47046c12,sao paulo,SP,3,1310.0,7.19,100.0
62760d278921b5f352461620d68a9cee,salto,SP,3,397.0,19.68,66.67
6288c69c4ce638e59925e59193f98b16,santo andre,SP,20,4196.8,9.61,95.0
62c50c1af4dfdc4149d25c5222043d39,sao paulo,SP,12,2325.83,13.53,100.0
62de60d81c55c29d76a6bce418b31cef,ibitinga,SP,1,103.0,16.17,100.0
630008e0f062605a415d694489f6f82e,sao paulo,SP,1,35.35,17.06,100.0
63191ead8d3b2f937cd1996fdcbbad20,jundiai,SP,1,367.0,11.92,100.0
63272377184e969942f7fff221be858d,sao paulo,SP,2,149.7,12.3,100.0
6338ea67c41078a46ad99cc009654956,farroupilha,RS,37,2286.09,13.2,100.0
633ecdf879b94b5337cca303328e4a25,sao paulo,SP,6,1037.6000000000001,25.72,33.33
634964b17796e64304cadf1ad3050fb7,rio de janeiro,RJ,265,39114.1,14.5,90.4
63704069d9bd3a75c1cf59babe56004a,jundiai,SP,1,59.3,18.28,0.0
638cba8be1fb599bbb76fd6948351eb3,sao jose dos campos,SP,16,535.4,8.5,100.0
63a79f5a7eb5cb48a7e5787b141c7993,patos de minas,MG,11,815.1,6.37,100.0
63b464dbf392c7b80d12d932fa7cafed,sao paulo,SP,36,6622.0,13.19,94.74
63b9ae557efed31d1f7687917d248a8d,sao jose do rio pardo,SP,5,139.5,16.39,100.0
63ffcb71394dd8ea3872ed9ffda17c74,itaborai,RJ,17,399.0,13.25,94.12
640e21a7d01df7614a3b4923e990d40c,ibitinga,SP,115,7528.89,10.45,93.38
6426d21aca402a131fc0a5d0960a3c90,ribeirao preto,SP,23,1209.64,10.96,95.65
643214e62b870443ccbe55ab29a4dccf,sao paulo,SP,65,3229.23,9.54,86.36
643c01d7c56a724bec0454f4780e8a3e,joinville,SC,2,205.55,9.72,100.0
6481e96574816ead57975da2c0f6d80d,sorocaba,SP,32,3324.9,7.34,97.67
64c9a1db4e73e19aaafd3286dc448c96,curitiba,PR,1,439.0,9.47,100.0
64cc804291f90c81f02bfc2bb58ff55a,curitiba,PR,2,517.6,14.76,100.0
651530bf5c607240ccdd89a30c9c9712,ipira,BA,1,199.9,11.77,100.0
651fe66032c9520ee5587f694908040d,alvorada,RS,7,464.0,6.71,100.0
6524b847b982cd56bb5d4b02b776ee42,campinas,SP,1,779.8,42.33,0.0
6548c2550b6e2d8f18053216e1c7b6f3,diadema,SP,3,217.7,6.33,100.0
655220df33262c7e0c4949a147366f94,diadema,SP,13,2245.0,12.13,86.67
6560211a19b47992c3666cc44a7e94c0,sao paulo,SP,1819,120702.83,9.54,93.79
6561d6bf844e464b4019442692b40e02,franco da rocha,SP,1,41.9,1.43,100.0
6562efe88ce0826a4ca4f189f03b4b84,maringa,PR,8,1076.0,15.6,90.0
656591be56071d4c9ef4e5fee78a578a,santo andre,SP,7,1702.0,14.32,72.73
657969cca82e884d272385ec0ef06edd,estancia velha,RS,3,139.70000000000002,8.11,100.0
659e8466eb3ff1b0e8740d74fb7bbedd,eunapolis,BA,11,1486.8,9.77,100.0
65a7c0788e4d632ccb5e1b594b87f0bb,sao paulo,SP,3,266.7,11.43,100.0
65b081a070633e057c462abdd6fb9dd8,morrinhos,GO,19,1885.09,11.78,100.0
65c255b299faf2d12050937cc219c46c,sao paulo,SP,2,88.2,7.09,100.0
65febd49fd28ec955651299159b1f527,sao paulo,SP,33,4136.71,7.13,94.74
6601ee6383e7f452be71929f8de48bbb,ribeirao pretp,SP,2,153.6,14.83,100.0
6614814a00d344b846ae209f95ee7e3f,macatuba,SP,1,13.0,4.79,100.0
661ad5fcc28cdfb8bcadb12bb2272475,balneario camboriu,SC,4,209.92999999999998,13.14,100.0
6624bc09786f0e41ae48dfc5eeb1a9e2,belo horizonte,MG,1,89.54,15.8,100.0
6650fcccd8cd2f7e55ffa524f30c4c59,sao paulo,SP,2,339.8,8.13,100.0
668bf321538e5072858eaef6087ce027,pinhais,PR,1,19.9,4.47,100.0
66922902710d126a0e7d26b0e3805106,belo horizonte,MG,150,14267.3,11.39,92.9
669ae81880e08f269a64487cfb287169,rio do sul,SC,161,13133.87,11.99,96.22
66dc1b1632bd6a3e508510c5b3492107,jau,SP,36,3542.19,10.44,97.56
66e0557ecc2b4dbea057e93f215f68d8,sao paulo,SP,30,12141.0,31.73,73.33
66fd84ee7528c0c0de85d0f44a73d5ab,campina das missoes,RS,11,1438.11,14.56,95.24
670a9dda115b5a88b18cfadee8de2332,ribeirao preto,SP,11,918.9000000000001,12.3,100.0
670c26e0f1bf8d0576271d5cfaec6d2b,maringa,PR,77,6250.1,13.74,95.35
671585f5a2af58b6e276bc01003c0d2b,curitiba,PR,27,1244.0,5.59,100.0
67225bff54a172ff67579aaf583efd78,marechal candido rondon,PA,8,1238.0,13.43,87.5
674207551483fec113276b67b0d871ff,sorocaba,SP,1,119.9,1.87,100.0
6750d71153f00fc58829af2a8ef1bcf1,rio bonito,RJ,6,3514.0,9.52,100.0
67883baaae6134ee81b271a542613728,sao paulo,SP,19,8167.9,5.84,84.21
679769a98cfcc6da877c8486ff1c13f3,ipatinga,MG,21,7029.0,9.54,100.0
67bf6941ba2f1fa1d02c375766bc3e53,curitiba,PR,15,5062.0,11.92,90.0
6806dad1da97bfb5a9038eac6881f706,guaratuba,PR,10,1477.0,13.4,92.86
681fce914360217db47784ae28905a96,araucaria,PR,23,4127.33,12.74,87.5
6824a69c9ea0313eba299dd4a2dba09a,formiga,MG,6,666.9,4.54,100.0
685b870da5b52a710782c9c0fefbeb5b,sao bernardo do campo,SP,2,627.0,39.61,0.0
6860153b69cc696d5dcfe1cdaaafcf62,capivari,SP,74,3827.63,10.23,91.67
6861de0f40cacb0602e473c51639f980,curitiba,PR,5,674.0,13.68,87.5
686886775c8f6b1191c7b953fb52708c,pedreira,SP,1,189.0,3.55,100.0
6879c4d287a8dd06b11f54ea8f78e4da,osasco,SP,6,527.67,6.82,100.0
688756f717c462a206ad854c5027a64a,guarulhos,SP,81,5837.67,10.77,90.91
68ca56ce86830f3d31b1b7ec6a54da3e,guaratuba,PR,5,599.6899999999999,4.89,100.0
68f86ba270525243e68ae74044f992b9,rio de janeiro,RJ,10,777.5,10.54,90.91
6902157ee16728322d61a1321fa79e58,sao paulo,SP,2,159.8,10.46,100.0
693660429f9dc4ff704eb3d88dad54d7,santo andre,SP,2,124.0,3.58,100.0
695051e2981c8b19e77cafe450d5bdf3,osasco,SP,1,169.76,20.19,100.0
6973a06f484aacf400ece213dbf3d946,sao jose dos campos,SP,89,10418.72,14.99,83.33
698624c6632eeba1774924dbea24c700,sao paulo,SP,1,19.9,6.97,100.0
6989574bd97d9773f10d232b6c07da59,curitiba,PR,7,2478.3999999999996,10.96,100.0
698f5fa55a5f73d0740e9d9a773e8093,rio de janeiro,RJ,4,120.0,5.9,100.0
69a43819c758c65a5befb0b471c954d7,apucarana,PR,2,299.85,14.64,100.0
69b5eaa096c3f9d1e5c398c597f567d6,birigui,SP,2,938.0,6.58,100.0
6a0cbc8af2e8abd1bdfb777943d174c6,batatais,SP,34,3788.15,15.51,91.18
6a3139c7bf09ece22a4713d956acbe5e,sao sebastiao da grama/sp,SP,1,61.9,3.87,100.0
6a38087bc8ad4f89ff453561005f6dea,anapolis,GO,15,1833.43,11.97,100.0
6a51fc556dab5f766ced6fbc860bc613,marilia,SP,24,7217.87,15.2,93.55
6a53b90c3ad9e0b56d9fe5c69165fff5,curitiba,PR,2,139.78,11.87,100.0
6a8a889bde935bafa76d7848782dfaf9,sao paulo,SP,26,860.8199999999999,7.56,93.33
6a8b085f816a1f75f92dbac6eb545f8f,bebedouro,SP,125,5884.17,14.37,90.98
6aa3928696eab49a19a466e665a649fd,nova iguacu,RJ,18,2075.0,8.24,95.45
6b15924333bd1a741595fe981ea04822,sao caetano do sul,SP,21,614.3199999999999,7.78,90.48
6b1c4d4d9ccf0be3d8544eb0e71e5318,porto alegre,RS,1,1699.0,12.22,100.0
6b243f80ed07b10f0e8aa0f21a205f3c,curitiba,PR,79,6260.1,11.02,96.63
6b2612338467c08c9b25f0cc55b1578d,marialva,PR,1,92.9,16.56,100.0
6b333a05bf188ef3e1f1662a86bd9855,brasilia,DF,12,3990.91,10.19,92.31
6b3bd31ad8fcda4b2635ec9f3ff2ecdf,rio de janeiro,RJ,35,4063.9,12.87,90.48
6b536a23086fba0d58c08d68814397f6,niteroi,RJ,18,1996.8,14.16,90.91
6b803197e03abd5056b4313306b4f29d,sao paulo,SP,7,407.0,4.88,100.0
6b89abe95848c850399130d149a39b63,piracanjuba,GO,8,1135.2,11.26,100.0
6b90f847357d8981edd79a1eb1bf0acb,guarulhos,SP,45,3322.08,5.48,95.74
6b9b80d53ba3676eafe60268a810b5a1,belo horizonte,SP,9,783.7,12.04,100.0
6ba4733aa33f6386e9fb0c0fd3993b38,torres,RS,3,149.79,12.43,100.0
6bb0724edf0b62fb91ac404873a97241,cotia,SP,17,3653.0,14.05,83.33
6bb62a4912377c7bfe7cb17b406bc7e6,jundiai,SP,4,739.52,5.13,100.0
6bb66d9870c2e01c05655c7ed0e7ee13,sao paulo,SP,3,269.0,8.32,100.0
6bbcb8924baf70b7fe2fe2097e8cd407,blumenau,SC,10,2382.5,11.51,100.0
6bcb2352a2a0c38b845f598298ab9d26,maringa,PR,1,15.9,11.04,100.0
6bd503a8230299c9316fb0f726933927,morrinhos,GO,4,324.28999999999996,10.06,80.0
6bd69102ab48df500790a8cecfc285c2,sao paulo,SP,5,8070.0,16.25,80.0
6bef34c5be6f2bbd70aa5165f6df94b1,timbo,SC,2,1198.0,16.19,100.0
6c12e40690c335dbc2f68a4134d30dc1,castro,PR,16,9139.2,14.08,100.0
6c177e38df6d3f34182b1f1d427231bf,curitiba,PR,53,8112.89,14.3,96.3
6c17baf138731a4aaacc3210adf2037b,franca,SP,4,538.8,7.58,100.0
6c1b6d0c604b776f844125f911eb7377,sao paulo,SP,4,327.07,17.51,100.0
6c6cc59a5c00cacc5054ca06d65cc282,santa maria,RS,1,1107.0,9.25,100.0
6c6e3d67f969468f3bfd33f827a31222,maringa,PR,5,224.0,9.22,100.0
6c77cd583b36a13aacccf2b3ee23e233,marilia,SP,1,18.9,6.03,100.0
6c7d50c24b3ccd2fd83b44d8bb34e073,presidente prudente,SP,112,8445.960000000001,12.14,98.41
6c9875b2f94ba781186f0c1aed8d1687,brotas,SP,2,25.0,3.68,100.0
6c99c983ce3b6ba0ab813e6790e81691,uberlandia,MG,9,546.75,6.13,100.0
6cd68b3ed6d59aaa9fece558ad360c0a,belo horizonte,MG,149,11188.57,10.46,98.09
6cf476a4ca74498db55cbccdaa9dcfb6,sao paulo,SP,5,624.94,34.39,50.0
6d04126aba80df143fd038e711b8fd96,rio de janeiro,RJ,1,89.99,37.08,0.0
6d1b9c9579132c87d2703ec38c30f2c5,curitiba,PR,4,299.69,9.3,100.0
6d22a1fcebb6dd08c9cd90b92a93e8d0,joinville,SC,12,723.7,15.91,100.0
6d2f2e3b539480db1e0842b3a4e32e6e,guarulhos,SP,3,305.96,5.6,100.0
6d66611d7c44cc30ce351abc49a68421,sao paulo,SP,164,13428.6,12.12,93.1
6d7f8d9d594e28796b6b3205b00f459c,curitiba,PR,3,417.9,15.29,100.0
6d803cb79cc31c41c4c789a75933b3c7,sao joaquim da barra,SP,58,8711.4,12.89,93.94
6d988d6174a2c27441597174f8905515,maringa,PR,19,371.73,19.26,91.3
6da1992f915d77be95d7fa48b36904af,sao paulo,SP,7,261.0,8.84,100.0
6dc9bec584588412a6a338830946a3e4,sao paulo,SP,1,280.0,21.72,100.0
6dd7dce75cd55c1ce255dc38d9f0cd46,palhoca,SC,1,75.0,12.23,100.0
6ddc28b61be28373b4503a1f61cf98a9,sao paulo,SP,11,1732.9,6.85,90.91
6df688df543f90e9b38f4319e75a9d88,belo horizonte,MG,39,1891.76,8.29,100.0
6e0908ef4d4efadbc3cc2b74ea477cb0,rio de janeiro,RJ,8,589.4499999999999,11.28,90.91
6e13dd869aa7185f601c941423abcc8f,sao paulo,SP,5,522.0,4.41,100.0
6e1862e15f33d9994bc25922a85e1efc,rio claro,SP,7,668.49,3.63,100.0
6e386f64c84e482f0b9abf960797ee1b,sao paulo,SP,29,12209.3,10.48,89.66
6e4a902d1054e4e17aa6eab87fac1c75,sorocaba,SP,7,586.57,6.36,75.0
6e4f5ff6b086632ba8dcb558fb10249e,flores da cunha,RS,5,838.9,10.73,100.0
6e864f5c4669eff3d98140a07cc50202,sao paulo,SP,13,740.59,9.84,92.31
6eb94e1466490d327a09abf8f3552a50,jundiai,SP,9,1372.95,8.17,88.89
6ebf4eceee4dd9847201c82e77ef8123,rio de janeiro,RJ,1,59.9,15.02,100.0
6ec1a01e866584bb679eb9b098345919,santos,SP,30,3998.91,14.62,77.42
6edacfd9f9074789dad6d62ba7950b9c,guarulhos,SP,205,12966.4,9.05,94.44
6ee85be3693ed79a8e80718743d80655,sao paulo,SP,5,147.5,29.12,60.0
6eeed17989b0ae47c9f11ece6f38ea90,sao paulo,SP,3,557.0,6.5,100.0
6f1a1263039c76e68f40a8e536b1da6a,sao paulop,SP,2,178.69,25.08,80.0
6f229cc508fc6915ed5c499efd93baa4,rio de janeiro,RJ,13,2654.8,9.36,85.71
6f835fd4be26989b1b064399da346143,curitiba,PR,2,197.8,6.95,100.0
6f83d9e4da896daae20b9b6b2d3ff8d2,pinhalao,PR,11,765.19,15.02,100.0
6f892e20a171e98efe17fdb971ff319b,sao paulo,SP,41,6049.0,16.76,92.0
6fa9202c10491e472dffd59a3e82b2a3,sorocaba,SP,3,7014.24,8.46,100.0
6fc26fe110feebd80a433e1f012a84f9,fernandopolis,SP,35,4150.87,11.44,93.06
6fd52c528dcb38be2eea044946b811f8,sao paulo,SP,67,7743.0199999999995,21.19,89.29
7008613ea464bad5cb9b83456e1e6a8f,canoinhas,SC,123,7538.7,14.1,96.05
700f03c207639c22d933381ff60b35c2,barretos,SP,4,1189.8600000000001,29.77,50.0
70125af26c2d6d4ef401a1d02ae7701f,goiania,GO,5,371.2,10.39,50.0
70126eecc6aa1274392a1743866e9678,barueri,SP,3,97.39999999999999,5.59,100.0
701938c450705b8ae65fc923b70f35c7,s jose do rio preto,SP,74,11879.289999999999,12.52,94.59
702835e4b785b67a084280efca355756,juiz de fora,MG,1,7.6,1.8,100.0
7040e82f899a04d1b434b795a43b4617,sao paulo,SP,208,9213.7,10.24,91.03
70849ca4f400aaabb62cb7462a6f1428,belo horizonte,MG,12,909.58,10.92,83.33
709e16e2b25c7474d980076c6bfc4806,birigui,SP,60,5151.9,10.46,97.5
70a12e78e608ac31179aea7f8422044b,jacarei,SP,312,29963.53,14.7,89.16
70b52a4cfc823994561b00bad161b4ed,sao paulo,SP,8,585.0,12.36,100.0
70bf57d811208f8923b41bbd499a67a4,franco da rocha,SP,7,780.8000000000001,4.82,100.0
70c0fda4c313d87115644d39e62eec60,caruaru,PE,1,25.99,9.88,100.0
70c27847eca8195c983ed7e798c56743,rio de janeiro,RJ,77,12077.52,10.85,90.82
70c4eedec9cb4a85cda2f3f9673557b4,sao paulo,SP,1,239.9,7.0,100.0
70ee69419916dc13e3aed619061f996c,mogi das cruzes,SP,1,45.0,14.43,100.0
70eea00b476a314817cefde4aad4f89a,itatiba,SP,106,31424.75,13.33,92.86
70f7e8018e3d46c748c92f026aa2585a,sao paulo,SP,1,239.8,7.03,100.0
70f84699be677ec988d1fa824aef7d90,sete lagoas,MG,5,1588.3,17.53,100.0
71039d19d4303bf9054d69e9a9236699,sao paulo,SP,35,3537.2,13.39,73.68
710e3548e02bc1d2831dfc4f1b5b14d4,rolandia,PR,131,22369.25,14.31,95.62
71271995e85f5b8530be99ed54a91b89,porto alegre,RS,6,582.0,12.31,83.33
712e6ed8aa4aa1fa65dab41fed5737e4,videira,SC,77,39385.0,23.8,78.82
712efd3b68f9686dc856b84abd0f21ae,curitiba,PR,1,139.0,7.24,100.0
7139dc5186aa238b006e066d8fbab2e4,amparo,SP,22,1712.0,14.19,87.5
713e3a23ca5e47786eb6f0d99f94cfac,curitiba,PR,4,1126.0,10.1,100.0
7142540dd4c91e2237acb7e911c4eba2,penapolis,SP,316,37181.94,14.76,92.07
714b9a1332840f257b49f476bea4e341,monte alto,SP,6,1499.94,32.3,66.67
71592660bbcb6a4664e97b6f8b68babc,sao jose do rio preto,SP,6,2027.18,11.67,100.0
71593c7413973a1e160057b80d4958f6,sao paulo / sao paulo,SP,2,299.5,8.72,100.0
715bbd5ba4e6b74cb0d2f29eb45058b0,serra negra,SP,62,4043.3,11.97,92.19
7178e1eaa97257d8b6d4b80efd77a025,tatui,SP,1,167.9,7.12,100.0
7178f9f4dd81dcef02f62acdf8151e01,videira,SC,202,36795.4,15.64,95.35
717b78b0950b51ed00b1471d858b0edc,alambari,SP,5,138.6,21.33,80.0
718539d38d07dd351c76db862760e2e2,campinas,SP,35,1273.01,7.96,100.0
71dc18fd8cbf5fd77f45dd8b427abb34,curitiba,PR,4,1080.0,11.46,100.0
7202e2ba20579a9bd1acb29e61fe71f6,franca,SP,51,12085.699999999999,13.23,94.34
720e6cf846ea7572cbb66b743fb91e6c,mogi das cruzes / sp,SP,1,54.0,16.15,100.0
7210cd29727d674c00741e5e387b3ccd,sao paulo,SP,9,729.0899999999999,4.81,69.23
72146da5774cabf2632faedcae097a76,marechal candido rondon,PR,4,200.94,27.3,83.33
7238a95bb63ef7e498389fb863b834a1,limeira,SP,15,2265.7,7.96,93.33
7238f877570096ae403c51898fa64566,santana de parnaiba,SP,3,1200.0,8.92,100.0
723a46b89fd5c3ed78ccdf039e33ac63,"novo hamburgo, rio grande do sul, brasil",RS,1,66.64,8.0,100.0
723cd880edaacdb998898b67c8f9da30,ibitinga,SP,11,2136.5299999999997,9.65,91.67
72431a818f97fe6ab9c81eee3e297e54,rio das pedras,SP,1,229.9,12.43,100.0
725af026f869236a8dd0ceb98564d156,claudio,MG,5,810.72,13.67,100.0
725c32fa80c2faacc4fc88450d27314e,sao paulo,SP,89,7838.88,9.48,98.92
7299e27ed73d2ad986de7f7c77d919fa,araguari,MG,335,34107.44,11.32,95.25
729b2d09b2a0bdab221076327f13d050,mineiros do tiete,SP,48,1805.21,12.24,93.33
729f06993dac8e860d4f02d7088ca48a,limeira,SP,94,19885.18,10.86,90.27
72bc2cce903c872fe376a8faaa81d237,sao paulo,SP,17,2149.2,8.87,100.0
72c38a04bd6a1c3dbc5298425a0db86d,cascavel,PR,4,647.3,8.15,100.0
72c5da29406b4234927b81855e7b64f6,guarulhos,SP,31,11798.69,10.8,96.77
72c73be2b085b9d57650dd53eb2004c9,sao paulo,SP,1,29.4,17.34,100.0
730937bf88cb151eb2eb849f642fc213,rio claro,SP,22,2821.2,7.13,96.15
7315baebc0572ff220d226283dc66728,sao carlos,SP,2,49.849999999999994,8.09,100.0
731ef20c231d9a7103a425e83fd91271,lages - sc,SC,2,1692.0,11.96,100.0
734def04b237117a09321dd6d8f3f2a2,araras,SP,2,1252.43,2.29,100.0
7354220fb240bde543b3c40c060d41e7,brasilia,DF,7,672.0,11.1,100.0
7357b52d27cbaa90f81a96cbc1279396,lagoa santa,MG,12,1328.02,9.85,91.67
739c7d7be81f63812dea0d1b1451c651,campina grande,PB,2,77.5,17.13,100.0
73a63f72308aa20a46f4b1632018f196,curitiba,PR,27,7640.8,11.39,100.0
73b8eb4a9a729d4019b24ed1be748cbf,campinas,SP,7,568.9,4.14,100.0
73da1880b39c71de2b262bc7720c1494,sao carlos,SP,2,398.0,8.22,100.0
740205fedfe4e90ca6857bc77db0f2b4,caxias do sul,SP,1,229.9,3.48,100.0
7402d13c03a7e91366337cd1de471144,cambe,PR,3,473.89,9.9,100.0
741f8c587cb4248ebc5b779a0e8e0e51,santo andre,SP,5,89.95,13.24,80.0
744dac408745240a2c2528fb1b6028f3,colombo,PR,78,22322.6,11.14,98.8
74636e24f01da9268b0ed88dacd8513e,sao paulo,SP,4,776.0,13.13,75.0
747c1cdcd1737dcfbd1547f6eb6f2cf3,ibitinga,SP,2,193.1,15.13,100.0
747e73c01a4593d4cf60dcf970fd2689,vitoria de santo antao,PE,3,2217.99,10.69,100.0
74871d19219c7d518d0090283e03c137,sao paulo,SP,6,550.04,3.61,100.0
7494d0dcba8551df6cf37f1b905dc2f7,santos,SP,1,45.9,6.99,100.0
749e7cdabbaf72f16677859e27874ba5,guarulhos,SP,1,41.9,11.04,100.0
74a9b9bddf14ece02beb81f52c41a88d,sao paulo,SP,2,95.0,12.17,100.0
74bafed391319577bce6f4d2acc0589a,sao paulo,SP,3,1847.0,7.03,100.0
74c7dec0a384d8a05950e629bd23bde9,mogi guacu,SP,4,97.78,11.54,100.0
750303a20e9c56b2a6bc45cdce0b897d,goiania,GO,53,7876.0,13.66,96.43
751bdc4d83a466c7206cd42e8f426b03,ribeirao pires,SP,51,6520.96,11.12,98.53
751e274377499a8503fd6243ad9c56f6,campinas,SP,1,218.0,2.0,100.0
75745ef7bc7d4f3ea3380f6f5303f514,brasilia,DF,3,228.4,5.69,100.0
7586919161935337bf6b6d7ff5779648,rio de janeiro,RJ,11,1664.71,15.85,88.89
75a4764c108403a7a0575140cb22287c,caxias do sul,RS,5,716.9,10.05,100.0
75d34ebb1bd0bd7dde40dd507b8169c3,salvador,BA,57,12656.33,16.07,85.07
75fbb52eda0cbc24f479d3b2fbfa8d3e,goiania,GO,38,1094.19,13.9,95.12
75fdd0a732287f9497b179f6bd445d32,maua,SP,1,59.9,10.88,100.0
761681a821d8275bc79f552116d06869,sao paulo,SP,3,354.92,8.15,100.0
762ed976527cddf02787edba70fffa2a,londrina,PR,3,179.8,7.74,100.0
762fafdaa57a532ee0119731697579dd,itu,SP,5,206.7,4.12,100.0
76623fde66e6b63b59440fd34160512d,guarulhos,SP,3,65.4,3.39,100.0
7681ef142fd2c19048da7430856b5588,guarulhos,SP,58,31211.81,10.37,88.16
76833248bbc0e65a0293ec62023e4396,birigui,SP,2,2399.98,18.68,100.0
768a86e36ad6aae3d03ee3c6433d61df,sao paulo,SP,17,587.46,5.08,82.35
768de2a4fc06aacecb9a586ccc30746a,brasilia,DF,13,442.7,14.86,100.0
76c47a299e4a8fe992316a85865acbe9,ribeirao preto,SP,6,1024.46,15.34,80.0
76d336555bb25f3165d2f0d6da719c40,sorocaba,SP,1,165.0,11.5,100.0
76d5af76d0271110f9af36c92573f765,sao paulo,SP,128,31944.6,11.49,91.61
76d64c4aca3a7baf218bf93ef7fa768d,curitiba,PR,64,16911.8,10.72,97.1
76de363de16dacc923eec8daf91df504,xaxim,SC,2,360.0,13.32,100.0
76ea5315acb3f5f7ade3cd261faf922a,sao paulo,SP,15,1087.06,8.68,93.33
77128dec4bec4878c37ab7d6169d6f26,sao paulo,SP,1,6.5,11.99,100.0
7722b1df1b0e383e000397b2c11e3e19,sao bernardo do campo,SP,133,7046.6,8.59,97.22
77530e9772f57a62c906e1c21538ab82,curitiba,PR,312,45676.6,15.09,88.45
77714512e8d4dda9c234da8e3faf16e4,guarulhos,SP,4,243.39999999999998,12.8,100.0
777a0c55737f34ffeb78010f7542ab41,sao paulo,SP,6,452.5,4.23,100.0
778323240ce2830d68aab11794e00bfb,sao paulo,SP,3,189.98000000000002,10.55,100.0
77a515caa36327151d1cc6c32a9f00e1,diadema,SP,26,2217.39,10.34,88.46
77e4abfd739aed9c46480f90f81c0eb4,brasilia,DF,18,3736.99,10.01,100.0
77fccaae319668a8ab6cd0fd16aec48c,campos dos goytacazes,RJ,11,1667.0,8.95,100.0
7813ea3ebd9411dc600b4dd01f7a97b9,osasco,SP,9,1599.4,13.03,88.89
7816cd9c5b1238e320545f5bf7eb80e8,araraquara,SP,1,489.0,10.9,100.0
781a66c0d89e30814d49fe8b5e14cd07,campinas,SP,1,115.0,33.12,0.0
782f78b632a43875dd5b53e3e49c9564,campinas,SP,1,97.34,9.88,100.0
784ba75dd9d20200c4caed3d7a77141a,sao paulo,SP,19,8142.33,13.33,90.91
78744a20ee2f80ba64f6804c25def2b8,recife,PE,6,2715.0,18.96,83.33
78813699ffac347fe27dba345a5f1551,bento goncalves,RS,1,152.42,9.04,100.0
788e857f317e53de488d393e65a80f45,sao paulo,SP,11,1210.0,7.41,100.0
788f22bafdd7ab0e1e79f19db72f16a4,sao paulo,SP,2,125.80000000000001,3.54,100.0
78a4d36f65a019172c6154468831a69f,bauru,SP,7,1545.5,15.51,85.71
78ba5933c21686d1c2f64669c8c459e7,mogi das cruzes,SP,2,191.8,6.53,100.0
78c99c6dff4eeae5be99bf635ed21e3f,marilia,SP,31,2030.88,13.99,87.18
78ef7e885d17f35e2382a47aae8b8cce,santa cruz do sul,RS,3,388.0,8.66,100.0
7901646fdd36a55f564ffaf2dbccaaf7,rio de janeiro,RJ,22,11857.08,9.88,85.19
791cfcfe22fe4a771ece27f90017da92,ribeirao preto,SP,1,298.13,28.21,0.0
79565f7d5603b24ddf07ade262547f2f,araraquara,SP,7,346.0,13.24,71.43
7957cac1a02f45d0a4a7e45626382ec2,curitiba,PR,1,343.0,26.32,100.0
7963e546f34e098b578f9ad102494601,sao paulo,SP,1,60.99,18.15,100.0
7994081388d55b9cf976c050653dd359,sao paulo,SP,1,120.0,12.97,100.0
7994b065a7ffb14e71c6312cf87b9de2,cariacica / es,ES,5,453.0,8.7,100.0
79a679c36c08d606b3fd47ead9de109b,sao paulo,SP,3,935.0,10.03,85.71
79b93a308a97792cf53ac75f46da00b5,rio de janeiro,RJ,1,99.9,22.52,100.0
79ebd9a61bac3eaf882805ed4ecfa12a,cascavel,PR,133,14783.09,15.33,94.29
79ed755314cfe6df0daef2c6cd3022cd,rio claro,SP,23,3907.5,9.28,100.0
7a241947449cc45dbfda4f9d0798d9d0,jacutinga,MG,56,7434.66,12.76,93.94
7a2d2949aea47fab95fd98d6c9f618b1,curitiba,PR,11,1638.99,10.97,100.0
7a425d299613df3e613bcf9d2eaf5c49,rio de janeiro,RJ,18,1218.8,11.79,94.44
7a67c85e85bb2ce8582c35f2203ad736,sao paulo,SP,1145,139658.69,11.17,94.11
7a704e63bb29c446869efde5d57524c8,francisco beltrao,PR,1,94.49,7.51,100.0
7a91bf945c6fae0779f1c61ce97fe45c,mesquita,RJ,4,634.6,43.85,75.0
7a9c12e235c36247c3c81f50d6ea9cea,sao caetano do sul,SP,5,983.9,12.84,100.0
7aa4334be125fcdd2ba64b3180029f14,laranjal paulista,SP,214,16012.949999999999,15.98,86.5
7aa538dd6e114e503a2e6154ea352253,catanduva,SP,5,1016.6800000000001,8.88,100.0
7ab0dd5487bab2dc835337b244f689fb,sao jose do rio preto,SP,1,12.5,5.75,100.0
7ad32824caee82087b3e2e5f33b1bf32,ibitinga,SP,147,22018.1,11.49,87.22
7ad41305e96a6cab8294cd65891e9a86,rio bonito,SP,2,180.0,11.66,100.0
7adbd3210a7b3cc2235e225eef33574d,sao paulo,SP,3,131.9,10.08,100.0
7ade73f1b9b4e965f9009a4c3a7e2c15,bauru,SP,26,1835.3000000000002,9.68,100.0
7b07b3c7487f0ea825fc6df75abd658b,sao paulo,SP,91,9259.47,9.45,95.83
7b0df942f46435babab05d49b744b2c4,braganca paulista,SP,32,22600.63,11.09,90.62
7b1222c3624aa89b9558b50a2594188c,sao jose do rio preto,SP,22,10103.52,17.67,86.36
7b3447b497e55af8c15fc7bd89d7b81a,sao paulo,SP,1,49.9,13.09,100.0
7b3f6ce5c6c22e9b96e7581ebf0df6e1,tambau,SP,1,29.8,10.95,100.0
7b7ed56ae755e2880f2b69632e839c1e,goiania,GO,5,321.5,7.3,80.0
7b7f91e98f8c6def45a1407923304402,osasco,SP,11,417.47,13.63,92.86
7b8e8ec35bad4b0ef7e3963650b0a87b,tubarao,SC,5,2244.2799999999997,21.9,80.0
7b98de631987e26dd6d803490c43a13c,loanda,PR,8,634.2,10.58,100.0
7bac63f6603d382cc8d0832eb6c100a8,sao paulo,SP,19,7751.95,15.76,84.21
7bb8fac2913a6064ec412e583c6d8b4d,bauru,SP,1,109.0,4.9,100.0
7bcd7c5f8631701474db233ccf1c094b,sao paulo,SP,8,419.0,14.23,87.5
7c1fea10b5b006671d608b1d7c446ec4,boituva,SP,14,423.59999999999997,16.23,92.86
7c4402417d51474d4d0cda9557340e40,sao caetano do sul,SP,1,119.9,7.12,100.0
7c4618c82226628831613e95e9c22f44,sao roque,SP,13,333.92999999999995,11.07,84.62
7c462184585ae80bd6e5774c62ce50f2,campinas,SP,1,60.0,16.04,0.0
7c4adcc13272c0e26fa23aac642adb7b,sao goncalo,RJ,2,135.0,17.03,50.0
7c51de0ab286204ce75ff42bf7c10d92,picarras,SC,4,759.0,9.79,100.0
7c5b05cbdb5542049f38d90d7815b97d,sao paulo,SP,21,993.97,7.82,95.65
7c67e1448b00f6e969d365cea6b010ab,itaquaquecetuba,SP,973,186570.05,22.39,90.41
7c9130f5f3729edd32aa059141d92484,garca,SP,3,126.0,7.13,100.0
7caa63f175b1cecbfaadd8b5ab9998c7,sao paulo,SP,1,19.9,2.15,100.0
7cb946b1ad19faebe28c3e86c2794ec3,sete lagoas,MG,1,25.0,18.15,100.0
7cf4ea70955b00d6b3c22542598e2715,sao paulo,SP,1,189.9,7.1,100.0
7d13fca15225358621be4086e1eb0964,ribeirao preto,SP,558,112436.18000000001,15.69,88.09
7d294cf9a6a69dc6a0c3e540fff0e039,barra velha,SC,5,257.25,8.82,100.0
7d456afc660226829370f3173d14520c,mogi das cruzes,SP,55,8118.25,9.03,94.38
7d484ca289afaac6bf5fc6a1e96d2226,campo grande,MS,2,183.2,12.16,50.0
7d76b645482be4a332374e8223836592,sao paulo,SP,172,3765.74,13.26,89.07
7d7866a99a8656a42c7ff6352a433410,sao paulo,SP,5,147.89,4.89,100.0
7d7d2b7a51328016102d4528c411d630,ibitinga,SP,7,918.8,10.28,85.71
7d81e74a4755b552267cd5e081563028,sao paulo,SP,1,32.5,2.21,100.0
7d948535954aaf8c5d39db007f74372e,guaruja,SP,4,194.0,5.6,100.0
7daca0837f033a41a6f3428c18657533,tanabi,SP,7,1228.98,14.33,71.43
7dc8c42cc750eeafea6c85712ffee9bf,sao paulo,SP,41,6409.68,8.66,96.0
7dc9a3355bae96dd82008b313d3a456c,dores de campos,MG,1,899.0,12.49,100.0
7ddcbb64b5bc1ef36ca8c151f6ec77df,sao paulo,SP,325,54435.66,12.64,91.62
7dea6f73af847b42cc3985bd620f994d,cascavel,PR,2,324.0,5.59,100.0
7df1fc11cc5cbc518b39faa60cf5d67c,campo grande,MS,5,1037.6,7.72,100.0
7e1fb0a3ebfb01ffb3a7dae98bf3238d,franca,SP,155,26169.53,15.6,86.39
7e26c750b4cb9f6766f58265ff9ebe95,belo horizonte,MG,23,1344.3,9.45,100.0
7e3f87d16fb353f408d467e74fbd8014,sao paulo,SP,91,4653.09,12.56,88.17
7e79d65b5c6f1f544b7daea036acf720,sao caetano do sul,SP,4,517.8,8.57,100.0
7e93a43ef30c4f03f38b393420bc753a,barueri,SP,319,165981.49,11.34,94.41
7ea5bfa6c340f58f8e71fc1f0412b0d6,belo horizonte,MG,96,10838.41,12.74,93.14
7ecd59e5e20407131822c1a68ac59c1f,brasilia,DF,24,1466.71,17.43,86.21
7ecef8194babfec876ca720714327841,campinas,SP,7,990.5,9.12,87.5
7f02656561b680def9986c0795a8a080,sao paulo,SP,1,42.0,14.18,100.0
7f152321c60a266edc53af1925ef96c1,criciuma,SC,20,3919.8,23.47,70.0
7f2617c58d5d06806987308b45654351,sao paulo,SP,22,3656.8,12.28,91.3
7f35f9daf223da737b78738fbae4d977,valinhos,SP,5,252.0,7.87,100.0
7f40d06aa0b5f1aa4f41af8c0480e2ef,rio claro,SP,6,1309.94,4.13,83.33
7f5e4d5efad7e44b91115dd1decb65f3,jacarei / sao paulo,SP,3,179.9,5.44,100.0
7f7b8245c336066a1f9933c359f11d77,mogi mirim,SP,38,2094.36,7.92,97.67
7fc87cc3e89b3d1d5cabdca32f8485aa,guarulhos,SP,14,2153.9,19.74,71.43
7fdb0720c8d7c9075538b365dc8c3a22,toledo,PR,9,1804.0,17.47,90.0
7fe21dd00d2f4943ae09525efa2fd674,rio de janeiro,RJ,2,169.8,7.6,100.0
7ff588a03c2aeae4fbd23f9ae64b760d,guarulhos,SP,14,1182.2,5.05,100.0
800214c63934acd05d47e84214db8ba8,jaragua do sul,SC,3,199.70000000000002,11.79,100.0
804287717b9156fb7a787acd9af4fac1,maringa,PR,1,18.8,9.16,100.0
8060d731897e33b5c5ae575ce1e209e1,blumenau,SP,5,199.5,7.8,100.0
808d4348b916efa08e766ebad39f61eb,sao paulo,SP,20,712.95,7.96,95.0
8090490573c6c0aa343a7231ebcb8c86,sao paulo - sp,SP,26,3871.1200000000003,10.09,92.31
809413606dbfe5deefd2db646693ef67,sao paulo,SP,3,196.68,8.31,100.0
80ceebb4ee9b31afb6c6a916a574a1e2,londrina,PR,1,6729.0,20.87,0.0
80cfd480be3eb6d6267139f5cb793555,sao paulo,SP,1,99.9,14.25,100.0
80e6699fe29150b372a0c8a1ebf7dcc8,pinhais,PR,96,11119.66,11.49,95.92
80f2cf9abf6b5a0e5c612b5eea6646e6,sao jose do rio preto,SP,6,654.08,10.58,83.33
8132b9bd16876e1b0f8808d43825dd48,florianopolis,SC,1,77.9,16.81,100.0
813348c996469b40f2e028d5429d3495,jundiai,SP,172,10813.53,10.2,95.38
81336a0f57a33776419727a300249e90,sao carlos,SP,15,1351.9,17.59,77.78
8160255418d5aaa7dbdc9f4c64ebda44,ibitinga,SP,380,46368.39,16.78,82.08
817245bcc3badd82bbd222e0366951a6,bauru,SP,28,5345.6,11.01,97.73
81783131d2a97c8d44d406a4be81b5d9,sorocaba,SP,8,761.8399999999999,7.28,88.89
817f85dbb65aa3e70831d90fe75cdf89,tiete,SP,11,1552.27,18.12,100.0
8185694b58b2ba6de20fd41ae608bbea,tabao da serra,SP,8,1372.3,11.06,100.0
818d28f936e791926d33bcb6ee94ef79,sao paulo,SP,4,111.6,12.94,100.0
81a1104df0f08b59c68aa5b03cfe398e,sao jose dos pinhais,PR,72,9320.98,12.83,94.44
81ed90f07c0bacb7594940ba2ef676aa,divinopolis,MG,2,223.9,16.1,100.0
81f89e42267213cb94da7ddc301651da,presidente prudente,SP,46,3955.0,7.64,100.0
820c7c9eaf76d2b226b6c242bcf3f34d,sao paulo,SP,1,559.0,17.76,100.0
820cc752a266cdc6c1a1e61dd4583330,maringa,PR,15,2802.7999999999997,13.96,86.67
821fb029fc6e495ca4f08a35d51e53a5,sao paulo,SP,24,17851.62,16.36,64.0
822166ed1e47908f7cfb49946d03c726,tres rios,RJ,69,3714.83,13.87,99.07
822b63912576852aea9a8436d72317b7,mogi guacu,SP,6,3465.9300000000003,21.42,100.0
822bad9bc42b51213ba522fe87b7ab5d,balneario camboriu,SC,18,5160.0,26.66,72.22
827f8f69dfa529c561901c4f2e0f332f,curitiba,PR,91,3408.39,13.23,91.35
82921991ff5b557b045605b8bbf08d49,sao paulo,SP,1,18.9,4.08,100.0
82bd0703a4aefd6b599e5bfdaed378fb,marilia,SP,20,2394.28,12.24,95.65
82cb9f452fe8334df74b22d37824b431,caxias do sul,RS,14,838.2,9.04,100.0
82e0a475a88cc9595229d8029273f045,sao paulo,SP,41,10748.02,15.26,93.67
830379336fad8c6f3b15a4a3ddb5c66e,sao paulo,SP,2,268.0,6.13,100.0
83353a83fd769dfafa4f21a72b15e3e5,sao paulo,SP,5,579.5,18.56,80.0
834f3294fba9f932f56edc879193f925,araraquara,SP,66,39907.5,14.3,93.94
834f8533b2ecb6598dd004ff3de7203a,sao paulo,SP,41,4324.349999999999,15.05,82.22
835f0f7810c76831d6c7d24c7a646d4d,sao paulo,SP,42,4990.200000000001,18.48,68.75
83645b1645cdee8953ee54c29ceed564,santa terezinha de itaipu,PR,14,978.9,10.4,100.0
8378eb36b6b70c5734e83ad7b8cdc3b7,itajai,SC,7,1714.8,19.92,76.92
83a75eea11694e36e56dd0cb2240229a,amparo,SP,3,487.0,4.09,100.0
83b08de96980757220871b31bf6cffca,rio de janeiro,RJ,5,1304.17,13.09,71.43
83c465a786b06574376909b35ef6752a,sao carlos,SP,3,281.4,5.27,100.0
83c8aafbefb034674a70de0eac5b8954,francisco beltrao,PR,2,134.9,5.07,100.0
83deb69e889cf80f82be1dc6d5f2d486,florianopolis,SC,40,5363.01,15.74,95.24
83e197e95a1bbabc8c75e883ed016c47,mage,RJ,46,6574.1900000000005,10.49,98.15
83f2b4881141ce3fcd4e985125d3279e,ribeirao preto,SP,3,60.7,18.19,66.67
8444e55c1f13cd5c179851e5ca5ebd00,congonhal,MG,92,21480.96,21.29,89.22
845e8036c3f7bf62099352f5ed910240,rio de janeiro,RJ,21,1584.6000000000001,8.28,100.0
8476243f92442881ddd5b578975cf115,campo bom,RS,12,7838.0,17.34,91.67
84c945f15571830c1a91a33978e94009,sao paulo,SP,2,51.98,9.44,100.0
84deb808079d1be601c209c1e771b1cc,curitiba,PR,2,34.93,7.54,100.0
85044848b1b767db2a4a58526adef4b4,osasco,SP,4,240.60000000000002,8.79,100.0
850857dfac77488c307e2b1cbd84ab5a,cascavel,PR,1,1599.0,2.93,100.0
850913d59ce317156b00f3705f1c3edb,atibaia,SP,29,2183.0,13.46,83.33
850f4f8af5ea87287ac68de36e29107f,sao paulo,SP,186,45285.37,10.14,93.72
851773c885feb5e2da3b4f82bc2b17ce,lencois paulista,SP,10,585.3,16.66,80.0
855668e0971d4dfd7bef1b6a4133b41b,itatiba,SP,300,30849.22,16.15,86.17
8581055ce74af1daba164fdbd55a40de,guarulhos,SP,380,64011.22,12.83,89.93
85cc55e048b6bcc90c75afe7f0e72f72,barra mansa,RJ,9,308.28,13.15,77.78
85d9eb9ddc5d00ca9336a2219c97bb13,belo horizonte,MG,499,15107.24,14.74,96.48
85e7c62c1d6ea078c3897424f867a7c8,itapema,SC,2,60.0,7.85,100.0
85ecf03781da592876b7844acc1b729f,sao paulo,SP,2,251.0,15.55,50.0
8602a61d680a10a82cceeeda0d99ea3d,sao paulo,SP,17,826.99,7.69,94.74
8603f0038fe0e52fedd3382d266723de,garopaba,SC,10,2355.0,21.26,100.0
8629a7efec1aab257e58cda559f03ba7,goiania,GO,1,45.22,59.23,0.0
8629c241b3622ac12cd4118afdc8d394,ribeirao preto,SP,13,1167.66,15.12,92.31
863d2ebcd347ce4922de7a0f9a5581d6,rio de janeiro,RJ,17,1312.36,11.67,83.33
8648b1e89e9b349e32d3741b30ec737e,jacarei,SP,93,7228.75,9.25,90.0
866558b3bccef2dbc6d29a2b5995016f,arapongas,PR,5,1519.3999999999999,12.15,100.0
86bb7c4b535e49a541baf3266b1c95b1,franca,SP,16,8162.4,20.14,81.25
86bf77bdb52e615674772d5817c6212f,viamao,RS,4,281.8,7.61,100.0
86ccac0b835037332a596a33b6949ee1,blumenau,SC,178,15894.34,11.86,97.12
86ff3eaef0267069cc891a2ed9d10a17,palhoca,SC,7,409.75,8.96,100.0
870d0118f7a9d85960f29ad89d5d989a,pocos de caldas,MG,45,3157.2,14.93,95.08
87142160b41353c4e5fca2360caf6f92,porto alegre,RS,305,31095.98,10.81,94.4
8759e7aedd644f487315e5860962f162,santo andre,SP,3,627.0,32.8,66.67
876182d1918783bbe15233febfbd4926,sao paulo,SP,3,120.27,9.28,100.0
87b4428a334b8f676fd9a7f3bf544fb5,guaimbe,SP,1,29.99,6.93,100.0
87b740daf17b5d1be335a64164ec6842,suzano,SP,11,12099.89,18.17,90.91
87d30a6a0cbf89356e49324971ab1d24,sao paulo,SP,17,2134.13,11.21,94.12
87d3c3aeb3ead335511b3ce315eb341e,sao paulo,SP,15,749.3499999999999,6.57,93.33
87d73636a3acf123e842bb890a4db036,nhandeara,SP,1,269.9,13.0,100.0
87e24fc7052259b1f7f607d61c10d8be,sao paulo,SP,7,7073.59,15.34,85.71
87f3e35268860433e13d577825aada95,bom jesus dos perdoes,SP,1,19.9,51.5,100.0
880ce4951cf857ab1d9e0b75c1d856f4,belo horizont,MG,1,178.9,15.05,100.0
883dd81e82754ac2c65e9790a7db8c9a,curitiba,PR,5,319.5,7.17,100.0
88460e8ebdecbfecb5f9601833981930,maringa,PR,246,31320.4,18.27,80.33
888faa8bfb0b159c37de6d898b961c31,braco do norte,SC,19,2418.2999999999997,8.41,100.0
889009a0ed0bb52c87819941192931b8,lencois paulista,SP,1,89.9,12.21,100.0
88ae906ea2acf6971f26c3e8b7cb4357,sao paulo,SP,3,246.0,15.09,66.67
88cd3681e0a2ba85e190f7d817629c4c,brusque,SC,1,180.0,7.02,100.0
88cf19ec1fc2c58f161aee259d57142c,sao carlos,SP,14,1372.97,6.44,100.0
88ef59b51bdaa941d10a853429f2b6ce,guaratuba,PR,2,252.9,6.2,100.0
891071be6ba827b591264c90c2ae8a63,sao paulo,SP,85,3763.35,13.21,83.33
8931a84a914b3fe9b1ddaa4d704947ca,sao paulo,SP,29,4668.3,13.05,84.38
8936ba0de1073ee888cb3185ae5dc661,sao paulo,SP,1,389.99,13.19,100.0
897060da8b9a21f655304d50fd935913,ribeirao preto,SP,304,21740.51,14.86,87.89
89757206b887aed36f3e18d858460fea,sao paulo,SP,2,120.5,9.61,100.0
89a51f50b8095ea78d5768f34c13a76f,brasilia,DF,10,677.16,7.48,100.0
89ad3263c0931c47f976d7c5778e60f6,sao paulo,SP,6,568.2,6.55,100.0
89bc797e2e29667aa035d4368f9b7f92,sao paulo,SP,16,392.4,15.06,84.21
89c127985a8b130cfa45c1d36764017a,osasco,SP,6,1334.67,10.99,100.0
89d9a386b0b6e5fc8403071b03f7206a,sao paulo,SP,2,167.0,13.63,100.0
89dda63a3c907c468ec88c310ed91213,maua/sao paulo,SP,1,44.99,25.44,100.0
89de2d6f23e9746ff309705b23581faa,londrina,PR,8,340.0,9.64,100.0
89f69225956f951295ca4c7fb1266553,vassouras,RJ,11,1041.3,9.76,91.67
8a130737016f838139d31878787a39c9,sao paulo,SP,56,4222.03,10.24,93.55
8a1ff5c35f6595a73fef4c7b96e4908a,sao  jose dos pinhais,PR,2,1598.0,10.34,100.0
8a207b6080964f3c1fc9d35bd6096ba4,jaci,SP,2,553.7,21.6,66.67
8a2d12a90e92f012ce5226fc6592b653,curitiba,PR,18,1594.6499999999999,9.36,100.0
8a32e327fe2c1b3511609d81aaf9f042,sao paulo,SP,126,6101.12,9.1,94.08
8a40ae794fa3f9892cee24bd5af0488b,curitiba,PR,6,739.85,27.8,66.67
8a43128d7f9a3db592b866e6861a6cce,sao paulo,SP,3,990.5999999999999,6.66,100.0
8a432f4e5b471f8da497d7dc517666e2,presidente prudente,SP,95,7555.0,7.96,93.4
8a87611c08849ffeeccab52aa798b6c7,curitiba,PR,6,587.9,8.86,100.0
8a8835a43bda99fd37310ad76c457510,sao caetano do sul,SP,2,224.34,6.61,100.0
8a9260f2b0340411d6d2a56bcf4f7378,contagem,MG,8,1256.0,9.19,88.89
8ab42aa58097fd4668d60cc648225d5f,goiania,GO,20,2616.75,11.15,100.0
8ae520247981aa06bc94abddf5f46d34,navegantes,SC,65,16320.99,10.98,98.46
8b11118053756a9a2932f447e11fc1b5,igaracu do tiete,SP,1,79.99,11.91,100.0
8b181ee5518df84f18f4e1a43fe07923,goioere,SP,1,27.9,14.56,100.0
8b2492b7ff4468839593fafeed55bad9,sao goncalo,RJ,29,3660.08,14.96,88.89
8b28d096634035667e8263d57ba3368c,sao jose dos campos,SP,139,9025.3,14.29,86.75
8b2d4ab22f42c5cfc338b846decfda60,fazenda rio grande,PR,6,458.0,12.68,100.0
8b321bb669392f5163d04c59e235e066,sao paulo,SP,930,17262.94,12.62,89.75
8b655f0855926bcb49f5835d38dfddf6,osasco,SP,5,1089.5,5.61,80.0
8b87cd0d43d49b9bdf40f56229364d59,sao paulo,SP,2,729.0,15.34,100.0
8b8cfc8305aa441e4239358c9f6f2485,londrina,PR,15,11892.0,12.54,86.67
8b9d6eec4a7eb7d0f9d579ce0b38324d,mesquita,RJ,48,4159.55,10.04,84.62
8bb48dc19fccaa8613b6229bf7f452a2,assis,SP,82,4190.72,11.17,97.89
8bd0e3abda539b9479c4b44a691be1ec,tres de maio,RS,6,425.75,22.94,66.67
8bd0f31cf0a614c658f6763bd02dea69,sao paulo,SP,33,4455.34,10.12,97.14
8bdd8e3fd58bafa48af76b2c5fd71974,sao paulo,SP,10,2135.83,10.38,80.0
8c0de775f52fe41590b376a3b7c50f68,sumare,SP,8,594.8000000000001,6.21,100.0
8c16d1f32a54d92897cc437244442e1b,blumenau,SC,108,5642.6,10.98,98.31
8c351ed7c326c62123318f4f3246e906,praia grande,SP,2,114.9,10.11,100.0
8c3b533c63cca56240f94f1e3a6b18ef,belo horizonte,MG,3,1849.5,49.22,20.0
8c5e007d7bd5693fa1386ffefbc99f6c,indaiatuba,SP,9,1029.11,11.91,100.0
8c91bfea4263b8fba54081460693e2a1,horizontina,RS,2,739.0,12.13,100.0
8c9348f33ae3dada25c99c99ade2af78,carapicuiba,SP,2,312.99,10.17,100.0
8ca1551acf9832a4cf467bbbac15851f,campo largo,PR,11,2176.4,15.86,83.33
8ca5b19e0263150d2c57afdde2b3d011,maua,SP,3,180.60000000000002,5.38,100.0
8cb7c5ddf41f4d506eba76e9a4702a25,anapolis,GO,1,69.0,16.01,100.0
8cbac7e12637ed9cffa18c7875207478,jaragua do sul,SC,66,2955.98,13.54,95.06
8cc6a0e5738e61a87b03c78b2ba9db4b,andradas,MG,23,13272.7,16.69,91.67
8ccf3cf69651cc1d8a02c8bfaf3b8568,rio claro,SP,2,250.0,25.71,50.0
8cf21434553b02cbd37c0bbd07e041b0,sao jose,SC,1,49.99,11.21,100.0
8d46553a36e68f95350a200c12f8f2e2,campinas,SP,9,660.0,17.24,100.0
8d79c8a04e42d722a75097ce5cbcf2ef,caucaia,CE,26,2627.82,19.57,85.19
8d899e15a5925f097cca50faa49b15e3,sao roque,SP,4,645.0,7.5,40.0
8d92f3ea807b89465643c219455e7369,sao paulo,SP,3,121.2,42.12,12.5
8d956fec2e4337affcb520f56fd8cbfd,sao bernardo do campo,SP,210,10988.2,9.3,90.31
8daab2245ebdc277c51098d01c5ad8ef,sao paulo,SP,16,1604.59,10.03,93.75
8dd386be0767c330276ea6a3f96532d3,paulo lopes,SC,1,89.98,10.29,100.0
8de8fe3af4449ed695d2434c933ed73e,sao paulo,SP,1,2090.0,10.06,100.0
8def3db7f272735afb2ecd03aeca09a7,rio de janeiro,RJ,2,196.0,2.66,100.0
8dfbc5ff27df12f6cef751d3b9554222,curitiba,PR,4,226.0,10.07,100.0
8e29d051f810eb22959ede205b462b9f,mirassol,SP,2,599.8,31.75,50.0
8e2b3afb420011ef0c88c9d5f11ea526,campinas,SP,11,1384.5,10.56,90.91
8e34331b7eedd03be4e5d965c1956225,sao paulo,SP,5,145.0,13.95,80.0
8e4f041ff58e7845456d3482524014b3,porto alegre,RS,2,133.8,24.08,50.0
8e670472e453ba34a379331513d6aab1,juiz de fora,MG,1,975.0,86.0,0.0
8e6cc767478edae941d9bd9eb778d77a,araguari,MG,100,5929.35,16.5,92.59
8e6d7754bc7e0f22c96d255ebda59eba,sao jose dos campos,SP,84,14107.380000000001,14.08,87.6
8e8a7ce9f2f970dc00e2acf6f6e199f6,sao goncalo,RJ,63,8821.0,12.2,90.62
8ea394aed8138685abe1eb9f25e1021d,sorocaba,SP,2,1340.0,11.29,100.0
8eb88b0acb3f90a717ad659221471fa7,cacador,SC,2,119.8,12.25,100.0
8ec76bb0965af3f007692b26fa9d6623,criciuma,SC,1,1999.0,11.31,100.0
8ed8ea9a57c862f2c18c2fe41f601d56,blumenau,SC,19,3831.9,8.58,100.0
8f0fbe2cd4d472157dc1cdef6edecaa9,sao paulo,SP,2,71.88,7.66,100.0
8f119a0aee85c0c8fc534629734e94fd,barueri,SP,75,3578.88,9.9,93.83
8f2b51a30523cdecddc2f179f351c7d6,sao paulo,SP,7,1027.9,13.1,100.0
8f2ce03f928b567e3d56181ae20ae952,pirituba,SP,151,21213.2,14.38,85.47
8f54d64f28a993550aa7943f12572959,ipatinga,MG,15,2755.5,13.92,93.75
8f580d36c1e9d6fbce95283403c7d447,ribeirao preto,SP,8,4813.25,12.27,87.5
8f78f0903005064036736c7173a5c2ed,tiradentes,MG,13,2113.7000000000003,18.31,95.24
8fb67a334bacec338885b4e9e1708073,toledo,PR,1,59.9,8.21,100.0
8fb791022c1fc8909664f48ab7dc636d,sao paulo,SP,5,8119.95,5.73,100.0
8fbd63429be6d3e5e6d1a709b6464802,santo andre,SP,6,1061.4,8.54,100.0
8fbe2ee446b97e128471be4ce983dc0d,sorocaba,SP,3,148.5,8.1,66.67
8fd3b4468f6425810648177996c14cbd,sao jose do rio preto,SP,1,354.9,9.97,100.0
8fdca8e349553f99bc738833a62c8802,sao paulo,SP,22,989.34,10.3,96.55
8fe8786ee000001ab51d030dfd4a7bf1,paulo lopes,SC,5,2255.0,15.87,100.0
8fec2e460530482132c436cfb5439925,laranjal paulista,SP,3,468.46,32.48,40.0
8ff1a9df749e454105c55cda13e79143,marilia,SP,13,1400.6000000000001,12.38,100.0
8ff38bc3969e67c36c48343a07090f66,sao paulo,SP,2,3472.0,16.92,100.0
8fff28c4263ddec387f28d237fb42773,sao paulo,SP,2,58.6,7.91,100.0
900ba814c251a692506d7834c1218441,salto,SP,86,28833.03,12.48,86.05
901b460cdce0c64e471230d7f2f9f3a3,porto alegre,RS,5,1904.0,15.51,100.0
902c99f1ac505c0d18778b61bcd636f7,mogi guacu,SP,3,123.47,4.85,100.0
903037660cf848a717166eb7a06d616e,sao paulo,SP,44,7935.18,11.61,84.75
90b36c5aeb728d5504a39f435bef0c5f,conchal,SP,4,153.89,11.74,100.0
90b57083da5d803237da74daec6dcb2b,curitiba,PR,2,206.9,7.9,100.0
910a922b426b7ff95eaee129ad6c0e1f,sao jose do rio preto,SP,2,119.8,14.63,100.0
913fd0ebba70bb919f7254a02239173c,blumenau,SC,1,159.9,13.43,100.0
9140bd1d9de28b197dce077bdd687438,amparo,SP,6,1258.87,5.33,100.0
9140ef75cc8211c4035935e80e567204,maringa,PR,1,49.9,12.18,100.0
91543f9849d68d023e17194926598543,blumenau,SC,4,834.0,10.97,100.0
916748bc99315c2d202898ae58b1617e,sorocaba,SP,25,369.40000000000003,10.4,100.0
916c9de0b5ad957346eeeb12f332687e,curitiba,PR,22,5336.5,8.17,100.0
918717417d88a9f9ae9735567e6c7682,sao paulo,SP,4,345.70000000000005,8.15,100.0
918f6fbcf3ab724d805867303e593a1b,valinhos,SP,2,79.69999999999999,5.64,100.0
9198786624eaeb375793215cad26cfa6,rodeio,SC,8,854.4,12.38,100.0
91f0eec23d4a61d7d7caeefa3f0ad1ca,tubarao,SC,11,2190.8,26.14,72.73
91f5779a8731baca4809fdeade81803f,barra mansa,RJ,6,1971.46,16.37,100.0
91f848e9f4be368f4318775aac733370,sao paulo,SP,60,5668.61,10.34,97.14
9200e6ce317b67196b6b0bad4d4bd567,rio de janeiro,RJ,1,36.9,16.3,100.0
921323538c9f1c4e816f2720eac02bea,sao paulo,SP,15,1401.84,8.08,82.35
9261d76c62caaf0b24677c2ceb7f8f20,palhoca,SC,6,968.7,7.66,100.0
929f342384a6607afe143d789ade1316,londrina,PR,4,209.4,4.5,100.0
92c8bc6e8f925792247656fed09aad65,sao paulo,SP,2,134.8,13.44,50.0
92d14edfb62ee5ae7fdff70b0f4e7233,sao bernardo do campo,SP,8,322.0,7.02,100.0
92eb0f42c21942b6552362b9b114707d,sao paulo,SP,334,6416.41,13.48,92.46
9315e491484b1b0081ca166fc164108d,londrina,PR,1,29.99,7.28,100.0
933446e9a59dece7ae9175103820ca8f,curitiba,PR,1,64.99,24.03,100.0
934ed5cd1b9c1c7382d0a94a94b9e639,curitiba,PR,1,125.85,13.13,100.0
939e6227d6964a11a70aa91243e418f2,conselheiro lafaiete,MG,4,425.0,5.34,100.0
939f6e231201f26803cb5c3a3d2940b3,bauru,SP,3,130.6,9.9,100.0
93b9a99027bd8bd6af682aff18dd19bf,mairipora,SP,19,1916.0,11.37,100.0
93bef6edaa84956e8e575016449b6351,sao paulo,SP,1,115.0,9.93,100.0
93dc87703c046b603023e75222018b45,belo horizonte,MG,33,8149.35,19.72,91.18
94144541854e298c2d976cb893b81343,viamao,RS,68,17286.28,12.35,96.05
941554c5757b73ba0e50aa7732310afc,sao paulo,SP,3,107.69,7.56,100.0
94165aea8a35c3c21499cbcae239b16c,uberlandia,MG,1,180.0,6.16,100.0
94231344608e603693b0a8891143f65d,porto alegre,SP,3,722.0,12.53,100.0
9449f25aeaf531019b76999ea49a6949,rio de janeiro,RJ,9,1979.55,13.61,77.78
9485a23c0430ba1d58d359391606fce6,santo andre,SP,4,830.9,13.41,75.0
94b9108d4b637ba65bb4f1e53cfcf8d8,guarulhos,SP,7,234.95999999999998,16.45,87.5
94c49f20a123aeb9360dbf80ff912bf6,sorocaba,SP,3,277.75,14.15,100.0
94ca168e8bcb407ab85c5da308863027,clementina,SP,5,224.3,12.49,100.0
94d76e96eedd976258cd3278ce56d5f2,sao roque,SP,1,385.61,7.03,100.0
94e93ce877be27a515118dbfd2c2be41,votuporanga,SP,29,5436.58,13.38,100.0
951e8cef368f09bb3f3d03c00ca4702c,ibitinga,SP,62,3993.31,9.19,91.3
9523fb39dd240aa958e040f8183d64f3,sao paulo,SP,1,146.99,21.88,100.0
9535a841eecebed61a9fb1ac1cbb5597,sao paulo,SP,2,784.9,9.5,100.0
9539213aa8e023c01937bef95dc006da,sao paulo,SP,9,229.1,11.79,66.67
954e95f20808d7e5d11f0de292d078e0,joao monlevade,MG,3,158.78,10.92,100.0
9558aa23f77a9e0a0eca83540999f43b,apucarana,PR,1,39.0,20.87,100.0
955fee9216a65b617aa5c0531780ce60,sao paulo,SP,1261,131836.71,10.74,91.92
9596c870880d900012f2e8e6e30d06d7,varginha,MG,21,7625.35,13.44,95.65
9599519be538b98748162a2b48248960,sao paulo,SP,1,570.0,22.62,100.0
95b293867b5862941c9cd74f756a3c68,sao paulo,SP,9,648.1,21.46,55.56
95cca791657aabeff15a07eb152d7841,palotina,PR,1,9.99,3.72,100.0
95e03ca3d4146e4011985981aeb959b9,rio de janeiro,RJ,172,10865.16,12.35,96.84
95ec4458365c4d11f452ccf538377619,limeira,SP,27,1866.76,5.76,96.77
95f83f51203c626648c875dd41874c7f,borda da mata,MG,50,3077.6600000000003,11.1,95.38
960945e1a9535cbc0cd6ddd35fbe7ae8,sao paulo,SP,28,3381.73,6.06,100.0
9616352088dcf83a7c06637f4ebf1c80,umuarama,PR,91,5643.099999999999,12.48,100.0
961dff0a659b4561334372337dd897d9,rio de janeiro,RJ,3,7297.0,20.52,33.33
9646c3513289980f17226a2fc4720dbd,sao jose dos campos,SP,69,2964.4,12.62,92.11
96493fab2fbb13a14d0c0e8772eef5c3,sao paulo,SP,63,18969.0,13.39,93.75
964ff64dc05b13811c6d0f41e0aa5f6b,sao paulo,SP,1,180.0,6.68,100.0
966cb4760537b1404caedd472cc610a5,diadema,SP,67,45928.26,10.04,97.01
9674754b5a0cb32b638cec001178f799,sao paulo,SP,84,4941.7300000000005,7.95,96.84
96804ea39d96eb908e7c3afdb671bb9e,ibia,MG,37,3530.75,13.42,97.44
968268a686aa05d1f529fb07dff08130,sao paulo,SP,12,4677.29,9.4,100.0
968ee78631915a63fef426d6733d7422,erechim,RS,2,450.0,15.26,100.0
96e5dc09087bad639b4ee193104ec2e5,bom jardim,RJ,2,101.9,7.81,100.0
96f7c797de9ca20efbe14545bed63eec,cravinhos,SP,1,138.60000000000002,1.95,100.0
972d0f9cf61b499a4812cf0bfa3ad3c4,brusque,SC,81,7910.42,18.17,88.37
973f21788dfab357250f69a8dcb7ddee,claudio,MG,9,819.0,21.21,63.16
974cf2cb8f4b7add98709c30df02fe10,araraquara,SP,30,2694.7,11.27,96.67
97512d3fc193b2d1dfcdba0f9d1f0f8a,sao paulo,SP,12,1458.8700000000001,7.99,92.31
977f9f63dd360c2a32ece2f93ad6d306,tabatinga,SP,23,2730.07,12.52,87.5
979e9f8b5b39dd243a2550c8b05aecf0,sao paulo,SP,3,525.0,8.53,100.0
97e4a63591ca439a2b8b7efd20e6e19e,rio de janeiro,RJ,5,349.95,6.43,100.0
97e50a621f8e801f4baf69e08687c192,sao paulo,SP,1,89.9,9.45,100.0
97e995629983723d11830a829bc2b246,lorena,SP,5,499.5,17.01,100.0
9803a40e82e45418ab7fb84091af5231,rio verde,GO,11,4278.75,15.71,100.0
980640c45d7a4635885491d077167e4d,rio claro,SP,14,1004.29,7.61,92.86
98115075dd26cb8835946fc6086f5d30,ao bernardo do campo,SP,4,434.96000000000004,4.26,100.0
984c273121e743dd14767befe6cb17f5,americana,SP,1,259.6,33.85,0.0
9853a239ab7b7ebbdc3a21248d5b8e1f,campo largo,PR,4,242.0,17.96,75.0
985c92cc412091f8529c12d7f23d3fef,sao joao del rei,MG,12,1368.5,7.55,91.67
989becdce12ebc39863c2bceab6f3ca1,curitiba,PR,15,6302.9,13.74,86.67
98dac6635aee4995d501a3972e047414,sao paulo,SP,89,4115.75,8.5,95.26
98dddbc4601dd4443ca174359b237166,sarandi,PR,2,158.0,8.23,100.0
98e164d549402270247f3c96a1a158ef,sao paulo,SP,2,162.7,8.83,100.0
98f52e1020fe788c10c0418de4393fec,macae,RJ,1,21.6,9.27,100.0
99002261c568a84cce14d43fcffb43ea,cuiaba,MT,36,4088.0,16.84,91.67
9906e7aa42a3c067b7c9a564d01c4320,maringa,PR,12,2619.0,16.24,87.5
994f04b3718c2bab35c2adfa8afecd2a,jaguariuna,SP,47,3289.8,13.49,92.73
9996ae921c50e8dff411ac69c0b4bb8b,tupa,SP,2,29.700000000000003,16.57,100.0
999f6d9a1c7c81f43be44c6b7d076210,sao paulo,SP,2,28.0,4.69,100.0
99a25c39b28a74d1151c35c18d178292,sao paulo,SP,1,173.94,2.23,100.0
99a54764c341d5dc80b4a8fac4eba3fb,sao paulo,SP,44,3578.7599999999998,7.08,77.27
99cd94252748d2bdde08e17858233602,sao paulo,SP,2,159.8,3.01,100.0
99eaacc9e6046db1c82b163c5f84869f,franca,SP,63,12642.28,15.01,89.55
9a03a4e9eb0b947652fae4f6121a3f5e,catanduva,SP,7,1497.0,13.86,85.71
9a1aea68d3efa00862ec88c0768037d0,catanduva,SP,7,1309.2,13.29,100.0
9a84ba99f5367fdbd4598363496f1ea2,luziania,GO,15,2223.38,10.51,100.0
9aa388272ee334b6ae07bc73706e254a,muriae,MG,6,678.0,7.6,100.0
9ac4f14370b1e24ddc58be041b7f99df,jaragua,GO,5,314.51,9.02,100.0
9ac75591b69c3402684b6ce0310f22ee,sao paulo,SP,1,60.5,2.98,0.0
9add47bf45ce8e8c7db6b9cf670b1e09,fazenda rio grande,PR,41,4606.4400000000005,12.26,97.67
9b00cad94ef3078faf6fba2e792c158f,janauba,MG,1,354.9,19.4,100.0
9b00ed88b7fdb95d6ff76e27c1b52d16,sao paulo,SP,46,1567.88,9.05,94.0
9b013e03b2ab786505a1d3b5c0756754,vicente de carvalho,SP,170,8714.55,8.0,94.55
9b1585752613ec342d03bbab9997ec48,rio de janeiro,RJ,3,4248.98,8.09,100.0
9b1ab052f5fca308ba743ac789ebb2e1,pitanga,PR,2,294.09000000000003,10.21,100.0
9b1f656ca3060f8af17a50d8a024b533,santos,SP,2,41.0,16.34,50.0
9b522ba7eae9e1d04082f267144583cc,sao paulo,SP,3,1478.6,26.8,80.0
9b76ad3d04236f76bc71c59470305e13,boituva,SP,2,394.70000000000005,4.85,100.0
9bade61a92bed55a25d2b67b9f4ed739,sao jose dos pinhais,PR,2,117.68,10.11,100.0
9baf5cb77970f539089d09a38bcec5c3,indaiatuba,SP,31,5989.68,14.81,100.0
9bc484c87d79cd4874e05ca182658045,sao paulo,SP,8,970.0,13.12,75.0
9bcdfa7b615b3abb9461d9e3ad9886ae,blumenau,SC,14,2126.07,11.41,95.0
9bf11dfc0bec77e5a23028043c3c5a8f,contagem,MG,1,115.0,31.54,0.0
9c068d10aca38e85c50202e17b4a7e88,coxim,MS,17,2658.9,16.53,82.35
9c0e69c7bf2619675bbadf47b43f655a,sao jose dos campos,SP,151,32720.4,15.16,90.5
9c1c0c36cd23c20897e473901a8fb149,praia grande,SP,6,544.97,5.78,100.0
9c3a1c416c765687bc79a04113269929,carmo da mata,MG,1,74.9,6.09,100.0
9c3c24eca51c52b91c1de727d2a2ae06,caxias do sul,RS,6,307.5,10.61,100.0
9c4d31c7e46ab03a43fc06e3142afd4e,rio de janeiro,RJ,2,1218.9,6.89,100.0
9c54608f0996c32ae4743089d915f845,loanda,PR,3,194.8,12.22,100.0
9c57bc60cfad5ee62d35d3f1ce4593a1,curitiba,PR,1,180.0,37.03,0.0
9c690ceacd5c66731bf443ea810195cb,camanducaia,MG,10,871.8,7.38,100.0
9c7fd21e0aa159b20da593371f08ff7c,osasco,SP,7,798.3,6.71,87.5
9cad4b68bb993ee401a3c5aaa2bc26dd,birigui,SP,5,649.3000000000001,16.37,85.71
9cea4682e16655f7da87f406902e989e,araucaria,PR,4,87.75999999999999,8.91,100.0
9cf787a239c1aa29dbd76f153dc13f9a,franca,SP,4,316.0,6.56,100.0
9d213f303afae4983637247556438ede,ibitinga,SP,2,47.7,6.91,100.0
9d39404483343dd55c7ae254494d8388,sao paulo,SP,10,293.2,14.39,90.0
9d489893ff6af05029671b785f54b998,leme,SP,5,298.7,7.37,83.33
9d4db00d65d7760644ac0c14edb5fd86,sorocaba,SP,97,9845.710000000001,8.07,95.96
9d5604a1f112324ad6b2aa552122e0fb,florianopolis,SP,13,421.5,12.09,100.0
9d5a9018aee56acb367ba9c3f05d1d6a,aparecida de goiania,GO,66,10119.98,14.43,98.72
9d681c7e12db302cb261e721040dde65,curitiba,PR,13,785.6,9.02,100.0
9d69ba0a7a626a64dc5db08e529559cf,ribeirao preto,SP,1,19.3,13.86,100.0
9d7a1d34a5052409006425275ba1c2b4,franca,SP,13,1054.82,12.98,93.75
9da15f4a4ea758d9eeb49000dbe57e22,osasco,SP,1,196.9,22.51,0.0
9da1ca0bef29ee170e541927a5aeabdc,votuporanga,SP,6,1484.3999999999999,16.8,66.67
9dc79dd988ac42f4d56c340d7048420a,sao paulo,SP,4,749.6,6.52,100.0
9dd459b29a14bf89d47183cf2cd0e4c7,sao paulo,SP,2,180.0,6.62,50.0
9dd59e43f0c9f0553244e8f9c2fb247e,foz do iguacu,PR,10,356.3,13.14,90.0
9dda5bbacd45e18d6485fee649205d09,santa rita do sapucai,MG,19,1912.6000000000001,14.65,90.91
9de4643a8dbde634fe55621059d92273,joinville,SC,72,17560.34,15.0,93.83
9df5750209b83567ec144eb299d7d634,sao leopoldo,RS,11,4917.0,14.07,90.91
9e25199f6ef7e7c347120ff175652c3b,taubate,SP,1,12.5,8.2,100.0
9e6229250fedbe05838fef417b74e7fb,mirandopolis,SP,73,12962.300000000001,11.89,96.1
9e6967d3cf386d284251784b18ccb485,sao caetano do sul,SP,9,517.67,7.79,90.91
9e7c5f4d7770eab65738cca38f9efccf,sao paulo,SP,2,184.8,7.44,100.0
9e94fa26a70ede4d26226e918e8706a2,sao carlos,SP,1,62.8,5.64,100.0
9e9b539eb2806acee3f5c28085c1db9f,contagem,MG,3,967.0,24.79,66.67
9ed65337433adfbedefd23dd76eaa494,sao paulo,SP,6,1262.6,7.4,100.0
9ef932e837d8b7f392c0bfee9d359dc2,ibitinga,SP,1,59.9,36.47,0.0
9f50216bfd01913736a55a11b55ea842,taubate,SP,17,1354.0,10.64,78.95
9f505651f4a6abe901a56cdc21508025,sao paulo,SP,393,25912.84,8.17,95.31
9fbd5666d8618fa571c4230fafa09bd6,sao paulo,SP,1,79.9,13.12,100.0
9fc70243fb26800cba56e8f014797004,belo horizonte,MG,6,466.6,9.62,100.0
9fe7c6641c79970ab48185498f547c09,sao paulo,SP,1,130.0,17.92,100.0
a00824eb9093d40e589b940ec45c4eb0,bofete,SP,3,9399.97,8.01,100.0
a0415d9b25ede3c4b1e477e9916ffc03,nova iguacu,RJ,9,3544.2,8.93,100.0
a066df7361163e7ddc5d7452dd17448b,franca,SP,15,1078.3,15.81,76.47
a06c8ff043abea0528ee44171e2140a2,divinopolis,MG,8,514.5,3.88,100.0
a080fc8a850289b27500f6b49cca2553,sao paulo,SP,4,383.0,5.42,100.0
a08692680c77d30a0b4280da5df01c5a,sao paulo,SP,6,2433.0,11.05,100.0
a09a13f18ed27932d08438aa6f12756e,sapiranga,RS,1,29.9,8.92,100.0
a0a14e50070f3225b3eabba5b85da517,curitiba,PR,4,176.2,6.05,100.0
a0d7fbb07bb5ebc3b05980e750db56f3,ferraz de vasconcelos,SP,3,848.99,17.38,100.0
a1040efe9ff4a6f93c28b0499eada8f5,jundiai,SP,1,1658.83,17.28,100.0
a1043bafd471dff536d0c462352beb48,ilicinea,MG,702,99309.23,13.59,94.41
a11a0e0ca67423425691db355cff69b0,indaiatuba,SP,2,448.9,5.53,50.0
a13580f0e8f782b7a543885a0ef99f08,rio de janeiro,RJ,10,1304.9,25.05,80.0
a13aaf2d2886ab9fb30fb9a920160b8f,joinville,SC,4,1011.52,9.35,75.0
a1474fd46fd3430168f7ec202da39408,pinhais,SP,12,2752.5,15.82,85.71
a150c540f572d0fb53992264bc5c10b5,sorocaba,SP,1,119.9,10.86,100.0
a1544b9ea0b2390e020537d4daa89049,jundiai,SP,8,841.2,10.92,100.0
a154d7316f158bb42e6fa18bbe3afd3a,sao paulo,SP,2,139.8,47.48,50.0
a17f621c590ea0fab3d5d883e1630ec6,sorocaba,SP,63,2677.92,11.66,93.59
a1bea7061f61f6fdd9a85a6325ba1033,carapicuiba / sao paulo,SP,9,810.95,4.49,88.89
a1bea9970d8f65b240555f99c2214f7f,pinhais,PR,1,75.0,9.31,100.0
a20d8058c866dbaeca014d2cd20ac62e,sao jose dos campos,SP,2,1194.0,23.56,50.0
a213f1bd6458f4a158f3746cb2514559,maringa,PR,1,41.52,8.35,100.0
a218df5c097b0ca409cfaac1488cc7f6,araraquara,SP,4,130.69,11.56,100.0
a21c11ec5c3f03e7cc9f9203bff9e1c6,santana de parnaiba,SP,3,385.0,8.95,100.0
a23266650e7c84bb93fbbba502137478,porto alegre,RS,11,1512.4,10.54,100.0
a254c682cc01e119f83530446f1df9a9,cafelandia,SP,6,569.4,15.93,85.71
a2a41aedb70551d4a85aa04dc2fced48,sao paulo,SP,2,52.79,8.86,100.0
a2b5b6105ea5942300631d2e76f4ffe0,osasco,SP,16,3286.6899999999996,8.47,87.5
a2b911e9ad40dc7d61c142a4683e2d85,barra mansa,RJ,1,85.9,12.78,100.0
a2deecd5398f5df4987110c80a1972a3,sao paulo,SP,13,623.81,8.31,100.0
a2e874074c877c5a05abae80ad6e488f,sao jose do rio preto,SP,40,7355.0,19.19,95.24
a2fa0bdc798ee84cdb08281337cf4fb6,florianopolis,SC,8,354.86,19.99,100.0
a3082f442524a1be452e3189e003b361,curitiba,SP,3,301.6,12.45,100.0
a35124e2d763d7ca3fbe3b97d143200f,sao paulo,SP,4,411.5,8.89,100.0
a353b1083c9863d756d9404695016d64,cariacica,ES,1,120.0,20.71,100.0
a35ef466c6fd6d052f5d241240d3c5e2,novo hamburgo,RS,3,569.9,11.83,100.0
a369d693961cb93b61ca2cc518872a85,sao jose do rio preto,SP,11,2597.0,10.36,100.0
a36ac007a4d18f865c8d32c3b2402c2d,barueri,SP,8,1229.79,9.65,100.0
a36b125ac6d5fdbc7f50de85c9157bdc,ribeirao preto,SP,23,1793.65,12.93,88.0
a37c340b91cb0169e8b029db6440fba2,sao paulo,SP,5,345.0,11.12,100.0
a3a38f4affed601eb87a97788c949667,joinville,SC,251,26294.62,12.49,95.38
a3b0df0065e264a91b7bbf5f844af5cd,sao bernardo do capo,SP,2,186.69,13.62,100.0
a3b42d266fa8afc874b909422ce88582,orlandia,SP,1,839.4000000000001,3.51,100.0
a3dd39f583bc80bd8c5901c95878921e,salvador,BA,34,4607.81,12.53,97.3
a3e9a2c700480d9bb01fba070ba80a0e,ibitinga,SP,129,13371.8,13.15,90.21
a3f0b55de503387383c7b1de3ad7f678,curitiba,PR,24,4348.400000000001,10.48,96.15
a3fa18b3f688ec0fca3eb8bfcbd2d5b3,são paulo,SP,1,47.8,14.27,100.0
a414555ce331b8c8aea4a9cb8395194d,sao paulo,SP,7,1450.95,7.64,100.0
a416b6a846a11724393025641d4edd5e,sao paulo,SP,157,24930.24,12.6,87.5
a420f60ff1aa9acc80d0e42959f2b313,sao paulo,SP,67,7443.3,11.35,91.3
a425f92c199eb576938df686728acd20,curitiba,PR,16,1106.3,17.33,100.0
a435b009cd956ea60748b5cfbddf2e24,franca,SP,3,361.18,30.41,33.33
a44fb5a447105f8469bdf16bf9159f25,porto alegre,RS,19,3706.1,14.24,73.68
a45314082d50d578a4721c9787ce09ab,mirassol,SP,2,424.9,5.24,100.0
a45765f8afb1e594b22bf9e974b46765,sao paulo,SP,1,79.99,4.98,100.0
a478c7961d6a992065b24e63b366f90b,blumenau,SC,8,1281.5,10.56,100.0
a49928bcdf77c55c6d6e05e09a9b4ca5,sao paulo,SP,96,8646.900000000001,16.94,75.0
a4b6b9b992b46e9ef863637af96e04bc,florianopolis,SC,6,5293.0,18.64,87.5
a4b8d97cd5d3674eeff96abc99d8ed67,sumare,SP,1,214.08,6.1,100.0
a4bd6e9adf39b63f43dc545d3ca1f53d,rio de janeiro,RJ,4,1848.59,9.84,100.0
a4fc6eadaff1576af888509a53420f6a,sao caetano do sul,SP,1,100.86,28.99,100.0
a513150f33f99a06569e9cd5c4bb889b,sao paulo,SP,2,677.0,9.66,100.0
a5259c149128e82c9d6d46e0c1c812bb,ji parana,RO,8,1182.26,19.35,100.0
a53f60f05f822b5c621a50ff6a5cb362,uberlandia,MG,4,415.40000000000003,13.01,100.0
a56a8043ebf66e42119618fb8cf232c6,joinville,SC,1,83.0,10.83,100.0
a56e351445e5863fc8960640ba9190c7,itajai,SC,3,760.9200000000001,9.26,75.0
a5a1bfcf728ab0e19182959cf0771ee4,socorro,SP,21,1812.96,13.62,91.67
a5bff0f43eb51f0cad7c37fac7244c8a,sao paulo,SP,4,445.0,15.69,100.0
a5cba26a62b8b4d0145b68b841e62e7f,campo mourao,PR,53,14438.84,13.2,98.15
a5dd1946fb63ada8bcaa0c9cd8f11e22,caruaru,PE,6,219.62,19.0,100.0
a5ff20ff766e7f50bd5066f33da14413,sao paulo,SP,2,66.59,5.64,100.0
a61cc04793308395a840807104365121,jarinu,SP,1,14.63,8.37,100.0
a63bfbaa882c8f4542891b4e2246cc7f,niteroi,RJ,6,5682.0,11.69,83.33
a64e44665225d19dfc0277eeeaaccc57,sao paulo,SP,6,335.0,7.93,83.33
a663d9c3797e90eac99ff60939416a56,sao paulo,SP,1,235.0,5.36,100.0
a673821011d0cec28146ea42f5ab767f,sao paulo,SP,125,13366.0,12.57,88.65
a67780aba9dd436e7ac0aa1f889e73ec,presidente prudente,SP,6,863.0,21.63,66.67
a69aa24cec11168e7e39a3fbc727e925,carapicuiba,SP,3,105.97,8.65,100.0
a6bd7d1ccdac48c6b33b28596b7eb122,mamanguape,PB,15,13669.11,15.62,86.67
a6fe7de3d16f6149ffe280349a8535a0,franca,SP,50,2844.9,14.85,84.31
a70e9066dbfd10b6b97a3f54a1356762,mandaguari,PR,2,1716.0,18.29,100.0
a72c2f59332659e361d647515c698798,flores da cunha,RS,5,802.9,10.04,100.0
a72f15980dc3e9bfd1a49ac9b2f3af65,marilia,SP,1,89.9,5.14,100.0
a7a9b880c49781da66651ccf4ba9ac38,itirapina,SP,3,307.6,9.17,100.0
a7b7354cc588f7566a848bcbb1ce3d96,sao paulo,SP,2,79.8,11.88,100.0
a7c53f6b3b61adbdaa99dda97e8cbd56,barretos,SP,1,99.0,6.84,100.0
a7c88262832dfc683781d6a421edefae,mogi das cruzes,SP,5,1520.0,11.18,100.0
a7d0f8dd44f57ef6de7f7f02e3d82630,sao paulo,SP,2,73.78999999999999,6.13,100.0
a7dc4098e4da6e41b426269d12ae7e91,sao paulo,SP,2,518.0,5.98,100.0
a7ecf689b40a44361e259b28939023e4,vila velha,ES,1,389.0,10.92,100.0
a7f13822ceb966b076af67121f87b063,itaquaquecetuba,SP,73,12017.69,22.16,94.05
a806a4bb063ea7ca6d374eafa50a6058,serra,ES,5,294.4,12.34,100.0
a81466620e46a6970b22ef40379fdfc9,sao ludgero,SC,2,321.8,7.19,100.0
a8739afb32aaa45e01815ca76f76f54b,sao bernardo do campo,SP,13,298.83,9.54,93.33
a888faf2d1baececa6baf9c3d603ee1f,umuarama,PR,53,17564.8,17.91,85.19
a89e143d5211473ae18db9577ee34b64,limeira,SP,1,70.0,9.21,100.0
a90a5da8b09e44264a177c0374a5ac87,ponta grossa,PR,3,74.69999999999999,9.38,100.0
a938325a4b357fd23a6a4d5bb126408e,nilopolis,RJ,24,3231.0,13.12,96.0
a9415cf907dfa12f9ed18693244f5329,prados,MG,1,210.0,11.13,100.0
a99504ac23ed125aaf5302af6cc30af9,batatais,SP,1,978.0,16.26,100.0
a9ae440659f48b7849df83e82734150b,santo andre,SP,1,285.0,13.34,100.0
a9b533a26e898b12e8b8d4c07279bf4d,rio de janeiro,RJ,4,119.6,15.16,100.0
aa17b35ce4de7b565be3249ba838944f,jundiai,SP,2,79.8,16.37,100.0
aa1eb17b9fdf6dfd546e25c45c7b9235,sao paulo,SP,3,117.99,6.52,100.0
aa2640d851ec322526f1295bbeb20092,sao paulo,SP,1,159.98,3.96,100.0
aa762680c40618316a896838866140ea,curitiba,PR,3,261.0,22.56,66.67
aa8af66c623d7d544dfe4bb85b5ebe3b,betim,MG,1,99.0,8.0,100.0
aac29b1b99776be73c3049939652091d,uberlandia,MG,94,6563.66,14.37,90.84
aac51c486b672a9850d59f3e84b1cf88,sao paulo,SP,10,728.28,4.93,100.0
aadfe0417e61315688b6bd7043361e25,goiania,GO,1,289.9,6.48,100.0
aae3bfea055532c57fb453ed3ec80b30,santo andre,SP,48,3057.92,12.44,100.0
aae5953b9edddf14749c0d65d60eb4b9,belo horizonte,MG,2,173.0,12.83,100.0
aae5e7b457a3c72ee230a47d98fceda5,sao jose dos pinhas,PR,5,604.8,12.34,100.0
aaed1309374718fdd995ee4c58c9dfcd,timbo,SC,104,9345.45,12.2,97.3
aafe36600ce604f205b86b5084d3d767,sao jose,SC,129,9251.4,12.44,95.42
ab27bbbad5239bc31a34709275a70db4,tatui,SP,3,382.9,8.07,100.0
ab3e0c171fe84a7ba7de130f19cfb485,colorado,PR,6,623.45,19.91,71.43
ab75b89cc49c9ab3160d0c91565a442a,tupa,SP,1,18.99,9.1,100.0
ab91571efab27993ff2f6b36e38055c3,sao paulo,SP,3,102.24,15.23,50.0
ab9db4cf53b08b828b64dccaafc2d9f0,paraiso do sul,RS,4,177.78,11.72,100.0
aba1721a889e04decc910aa13b768ef4,sao paulo,SP,83,14103.3,9.19,89.13
abbf6046bbdf1028606a5bc7f00c99e7,xanxere,SC,6,1867.25,11.79,100.0
abc015ebac1d283a323ca9db35ede4b9,ribeirao preto,SP,12,1106.8,11.11,100.0
abcd2cb37d46c2c8fb1bf071c859fc5b,cuiaba,MT,44,4817.32,13.68,96.08
abe021b01ba992245271b9aa422032df,curitiba,PR,2,6720.0,17.93,100.0
abe42c5d03695b4257b5c6cbf4e6784e,rio de janeiro,RJ,49,17000.0,14.36,83.67
ac3508719a1d8f5b7614b798f70af136,canoas,RS,101,12446.140000000001,9.46,97.03
ac51cac5e20d69ff485a54746488ef48,ribeirao preto,SP,3,700.0,16.31,100.0
ac6417315ae5da8f9a38ee11de6f7780,aruja,SP,7,716.4,11.47,85.71
ac9b01377919cdbd2a1bbb8d5837c70b,mogi das cruzes,SP,1,55.9,9.8,100.0
acadd4d36859671cb635527c6c977533,santa rosa de viterbo,SP,12,2381.0,17.89,83.33
acb6c2ca5c82411c1fdb88d5fd5eb95e,sao paulo,SP,10,413.88,9.94,100.0
acce39e832338debb07b02385cde5967,contagem,MG,44,4748.1,7.05,100.0
aced59e9b31ef866a94f9e7f29d8d418,sao paulo,SP,61,7268.5,9.67,92.54
acf974e4d5950ad143a247471b831eb9,caxias do sul,RS,5,423.8,13.87,100.0
ad14615bdd492b01b0d97922e87cb87f,tubarao,SC,1,8.25,13.58,100.0
ad273c9eb54ecb4532de4bf75bae9e4e,curitiba,PR,10,645.0,11.93,100.0
ad420dd0c4f92f8af951ac24b86d0cf5,fronteira,MG,42,4705.29,14.7,93.48
ad75519a07f039025e83795a4418470f,santa terezinha de goias,GO,3,302.1,9.06,100.0
ad781527c93d00d89a11eecd9dcad7c1,sao jose do rio preto,SP,38,6039.63,25.5,68.42
ad87df7699e83b8a91822a4a0b765c3a,jaguariuna,SP,5,309.9,9.56,100.0
ad8b531ae67582f096925cff5630d0d1,castro,PR,2,198.45000000000002,20.48,100.0
ad97a199236354e53fcd91a5a913e9a2,brusque,SC,16,12446.85,15.31,88.24
adbc26658d6c7b4b6219f9d934598091,curitiba,PR,88,11806.4,17.18,84.78
adbe70ab2c97442046d393988c8d1d27,maua,SP,5,289.5,7.19,100.0
adcf50477d6a1f5d91bb9d54c4903cb5,claudio,MG,16,981.86,24.51,83.87
ade45994b717ccee333492330fbf037b,umuarama,PR,10,7196.0,8.41,100.0
aded58c8142dedc5494a81f948431fab,rio de janeiro,RJ,4,289.5,8.0,100.0
ae45ad30c2d2e5913094769690a239d2,franca,SP,1,251.8,19.2,100.0
ae45df84722b1d15c5f32b23a095746c,sao paulo,SP,9,901.83,7.36,100.0
ae7ab174effdead6c241e547e4ca13f0,arapongas,PR,6,2778.6,9.9,100.0
ae8bfdbf1c2a2a2dee92d799db0a31c6,toledo,PR,8,339.92,8.87,100.0
ae9690c6e8fee182c28c9ff8e11ca52c,sao paulo,SP,1,47.4,4.48,100.0
aeb36d67f1414f234d42a29e27cf1f17,santo andre,SP,4,3263.8,19.47,75.0
aec99834ab5d38ead22766ada8497e87,colombo,PR,1,459.0,7.26,100.0
af3ef48d0e13835e529c29ac573c63e5,araraquara,SP,21,1405.63,7.93,95.24
af4a0e4cfe1d9c26b6712b1be25a72e5,mateus leme,MG,21,8757.98,12.82,92.31
af7cdac9d9897cddead9c6b08976c642,laranjal paulista,SP,6,543.54,15.23,83.33
afa6714acee029b2dfdf357e5579cc03,descalvado,SP,16,3220.7599999999998,12.62,88.24
afe0067131b73e40875c9b6c10bd2e21,lagoa da prata,MG,45,5040.5,15.47,95.56
b00af24704019bd2e1b335e70ad11f7c,salvador,BA,1,189.0,15.55,100.0
b01c2b7b8599b325103ebcddc67413e1,venancio aires,RS,4,169.45,8.46,100.0
b026643914f651e8371425e5b8a1e780,rio de janeiro,RJ,1,27.9,10.42,100.0
b0398568231ba5e6734af1881671a317,colatina,ES,4,656.77,13.21,100.0
b05b432bf68945d4d9783f9e3ca29ee8,birigui,SP,2,224.8,5.41,100.0
b080809eaacb49e5ca07290981472431,belo horizonte,MG,11,424.0,10.54,100.0
b0b346d3a89f5eb4c2968af3f083cd43,campinas,SP,9,469.0,23.35,55.56
b0f2a6122a90a93eb03e68653dd960e3,curitiba,PR,6,1620.3,8.2,100.0
b1204cfda1d4948679db3cfc0d3cb95c,guarulhos,SP,6,411.20000000000005,9.83,100.0
b127efdabeffb5d559349c7b172eb75d,sao paulo,SP,10,308.5,9.85,90.0
b12cfd255810394b60caef18ae163547,cascavel,PR,2,560.0,15.84,100.0
b14db04aa7881970e83ffa9426897925,sorocaba,SP,78,5595.9,15.62,88.57
b16d3dadc47d4eb18be3d88bad0775ce,estancia velha,RS,10,722.1,6.53,90.91
b17b679f4f5ce2e03ce6968c62648246,ribeirao preto,SP,50,3424.18,19.11,82.35
b18871c324516afa228a13e8f1ef0ae9,sao paulo,SP,9,1064.6,7.48,91.3
b18dc380845b24038cfc48006478f099,diadema,SP,43,7753.96,13.99,85.42
b19c48688808720822399ffa9f2dbe2f,sao paulo,SP,1,959.99,6.3,100.0
b19f3ca2ea475913750f25a5c37c8d8f,divinopolis,MG,19,4174.16,18.39,68.42
b1a81260566c1bac3114a6d124413f27,carazinho,RS,51,8684.69,8.56,98.15
b1aaae6b66ad3c40f54b389d7ea4bee0,sao paulo,SP,15,1176.5,8.12,100.0
b1ac6ea7895bc3dd6f0f6f4abbdd2821,canoas,RS,38,2962.0,10.18,100.0
b1b3948701c5c72445495bd161b83a4c,sao paulo,SP,14,21519.5,23.4,35.71
b1fc4f64df5a0e8b6913ab38803c57a9,sao goncalo,RJ,107,7994.74,15.73,88.43
b1fecf4da1fa2689bccffa0121953643,campo grande,MS,19,3669.64,10.69,100.0
b2479f944e1b90cf8a5de1bbfde284d6,ibitinga,SP,101,4666.53,15.44,85.27
b248792ac0b60ec3f93d80af1b4fae47,sao caetano do sul,SP,7,454.5,6.32,77.78
b26741d31a563d769b4af0465ab20c56,florianopolis,SC,2,648.0,12.68,100.0
b274baf5bbd142410eb2958cf685d684,montenegro,RS,7,585.9,6.35,100.0
b29d3380981c51df13fc6fbe87e1763d,ribeirao preto,SP,6,435.3,7.86,100.0
b2a6d334e2833acea353624840e25a0e,sao paulo,SP,25,1650.98,10.7,100.0
b2ac621f0d0322434d04a12b078b9369,curitiba,PR,30,9575.5,14.67,90.0
b2ba3715d723d245138f291a6fe42594,sao paulo,SP,324,49302.18,13.97,91.43
b2c97074649f92197d9387d9033dda5f,botucatu,SP,10,684.71,12.05,90.91
b2eecf5ea250510da76590ca79d60e5d,sao paulo,SP,9,1060.0,6.13,100.0
b2f4d63c7203f539a78252565ca32257,armacao dos buzios,RJ,1,14.9,13.01,100.0
b32be1695eb7ec5f10f72d9610a12527,caxias do sul,RS,44,26575.0,12.32,95.56
b335c59ab742f751a85db9c411a86739,araguari,MG,30,2494.11,16.84,93.55
b33aaadd1a8891d2dfef0c4c3bdf0371,limeira,SP,16,1504.0,13.49,88.24
b33e7c55446eabf8fe1a42d037ac7d6d,pradopolis,SP,149,44215.17,16.43,86.84
b347677812ea483b0f528eaf8cbc09b7,curitiba,PR,21,7288.99,13.22,100.0
b372ee768ed69e46ca8cdbd267aa7a38,sao jose do rio preto,SP,63,12630.0,12.32,100.0
b37c4c02bda3161a7546a4e6d222d5b2,sao paulo,SP,4,24075.0,17.18,93.33
b3809b8d4394588a47c8470ea331e135,sao paulo,SP,1,89.0,5.05,100.0
b39d7fe263ef469605dbb32608aee0af,ibitinga,SP,43,5063.2,13.3,95.83
b3b17aab11f273023a5f22ca52e1eb70,londrina,PR,7,6850.0,17.22,84.62
b3e2faf2c1004d674f16a3aa3197f0e1,ribeirao preto,SP,3,61.47,6.79,100.0
b3f19518fcec265b2e97af287725f981,tanabi,SP,8,444.92,10.67,100.0
b410bdd36d5db7a65dcd42b7ead933b8,goiania,GO,42,7368.9,9.2,97.62
b416191c9813d821a295cfabafff4161,franca,SP,2,117.8,19.3,100.0
b43d8b707f887a30f4675391098354a0,ipira,SP,3,1342.0,19.93,75.0
b44dbfbf62e52125f3c15d230569ea91,sao paulo,SP,4,609.37,4.57,100.0
b452cb0ae35044c4a53179c39f49fb06,sorocaba,SP,2,63.699999999999996,16.72,100.0
b45d7ebfb7378630f1bcd74b6ff86ff7,belo horizonte,MG,3,899.6999999999999,29.7,100.0
b494891378bd8f4560abe576c52deacd,sao paulo,SP,19,2839.0,5.22,90.48
b499c00f28f4b7069ff6550af8c1348a,limeira,SP,147,10162.18,10.82,89.01
b4a476fbd28de64b1e347abf9089366a,itapevi,SP,30,4479.04,11.86,91.43
b4b447d715f9ab302a188fb43d3e96b3,sao paulo,SP,5,685.9300000000001,3.62,80.0
b4f8921fcc4ff77b66bea6dda43dcd51,caxias do sul,RS,18,11395.05,7.63,95.0
b4ffb71f0cb1b1c3d63fad021ecf93e1,sao paulo,SP,143,6635.69,9.75,97.56
b55638ad525e906c698fa2ce742c1742,imbituba,SC,11,1094.8,22.68,83.33
b561927807645834b59ef0d16ba55a24,sao paulo,SP,85,4501.99,12.52,85.26
b566ab0ef88016e00422755e305103c6,extrema,MG,5,1208.0,13.05,80.0
b56828a9f9027f3c918c04ca720d9e3c,praia grande,SP,3,360.0,16.97,66.67
b56906f7fd1696e043f1bcce164c487b,echapora,SP,40,2148.49,13.58,95.24
b586cd24c010a13916af621b0325fbba,rio do sul,SC,6,1108.94,5.11,100.0
b5abf4f36adc043117b4fca82c22984c,brasilia,DF,8,803.0999999999999,21.2,66.67
b5b800c4065bebf4d3442311c9857344,sao paulo,SP,1,79.9,6.46,100.0
b5bb2b985208834bd5bd86c7a402bbad,venancio aires,RS,2,621.06,11.34,100.0
b5d034ac251546e25afe9067f05c1539,itapecerica da serra,SP,1,69.9,12.58,100.0
b5dd7151a92ccaaa282cbe9681a05f44,ribeirao preto,SP,1,85.0,13.44,100.0
b5e3e38609125694d2ea2417522a60b7,florianopolis,SC,16,995.04,17.78,76.47
b5f0712d22a873b6797ab6cc65c3fcba,sao paulo,SP,1,12.99,3.26,100.0
b5f49fe968dff6b112861e6cd8e192ef,curitiba,PR,1,194.70000000000002,14.0,100.0
b64d51f0435e884e8de603b1655155ae,garulhos,SP,17,416.18,8.03,78.26
b67d6c666e8dce1d078c882825e12704,sao paulo,SP,7,352.84,8.13,100.0
b6d44737c043328708f6749c2dbe50bd,santo andre,SP,61,5284.6,7.91,94.94
b6dc74ed30f124f95227bed4e43a3bed,arapongas,PR,9,387.56,17.65,90.0
b6e1504972665f739dec4facb9943775,piracicaba,SP,14,1484.48,11.15,92.86
b6f52e346160519c24a23af05410ad32,sao paulo,SP,1,129.9,12.61,100.0
b74d1c09cb380e1d03a6f859c6f4224b,rio de janeiro,RJ,30,2174.61,11.47,84.21
b76a1f8356322f12529c37b67d5c96c2,santos,SP,5,298.5,7.47,100.0
b76dba6c951ab00dc4edf0a1aa88037e,sao paulo,SP,157,2545.31,10.25,97.01
b76f4d90e85657a240495c876313adc5,hortolandia,SP,1,299.0,2.66,100.0
b77a27b1864483e721dc831d5ba4afa0,duque de caxias,RJ,1,20.9,8.47,100.0
b7ba853e9551f4558440881fd3e5c815,santo antonio da patrulha,RS,1,136.9,34.96,100.0
b7cc6c5e001441ae8cdd5c69a480cbe4,curitibanos,SC,5,452.8,12.83,100.0
b7d5b4b87af9d42b601865d3f3810bff,florianopolis,SC,1,350.0,8.63,100.0
b7e1750c1157341d2abd0251e07c186b,sao paulo,SP,3,159.6,9.54,100.0
b7ed9fb14c8eadb37adb9c45d67ab0fb,jacarei,SP,7,566.0,13.36,100.0
b8114f2f589a6804810f04f99b36b498,sao bernardo do campo,SP,8,1399.62,5.4,100.0
b81e3a6c866a764974fe849821abeebd,maua,SP,8,836.1500000000001,5.75,100.0
b839e41795b7f3ad94cc2014a52f6796,sao caetano do sul,SP,33,42829.0,6.92,97.22
b83cedfb587e7911540e3f576d6917ce,sao paulo,SP,24,2224.95,10.08,92.0
b8555308bfdb4ca1ed54325a58da9a97,sao bernardo do campo,SP,26,3047.2000000000003,10.29,92.86
b8578d2d823bd8e251f6fdd02b40902d,blumenau,SC,9,1255.6,9.92,100.0
b8630e1121437d41cb08e3c749c2c2e2,duque de caxias,RJ,12,6988.0,11.14,83.33
b86a47b3366e3b5424a7b225781f4908,passos,MG,1,86.5,14.26,100.0
b87a7ea0c30fad2dd6781b74a0064859,sao paulo,SP,9,515.4,15.24,66.67
b88e7c57cb2d8b973b7dd4a2bfa14b36,curitiba,PR,4,353.9,9.37,100.0
b8a0adc91af209270c2c725168eb00fd,ibitinga,SP,6,281.4,11.11,100.0
b8bc237ba3788b23da09c0f1f3a3288c,itajai,SC,45,13685.710000000001,11.92,97.87
b8d890108a7a80e4f5d59eea9f362438,curitiba,PR,2,89.69999999999999,11.7,66.67
b906dd0e57f282c7089171b6ed07982e,parana,PR,2,175.0,6.99,100.0
b90e891671cffd9557f33a97dc523645,sao jose dos pinhais,PR,34,4449.0,7.58,100.0
b92e3c8f9738272ff7c59e111e108d7c,uba,MG,62,8231.09,16.31,97.14
b94cc9f10ddc85e4ba73a6f7974e7101,macae,RJ,39,25346.1,10.58,92.31
b98b715fe9e276204e2a3464f48cd796,sao paulo,SP,4,388.6,11.32,75.0
b9a03475e6447e631b6799ec8274800f,formosa do oeste,PR,10,1349.1,10.67,100.0
b9c0ffa92f3ff9a5a3d45ef7213c0842,sao paulo,SP,3,490.0,21.18,100.0
b9ca8e8baa5d4aa038394a700f63e69f,sao paulo,SP,14,1289.77,9.67,92.86
b9de031b671cd48b28fae9d828cbf2b4,sao paulo,SP,1,155.32,9.23,100.0
b9ec22de23f18567de0e09d776ca0309,brasilia,DF,2,341.98,6.53,100.0
ba143b05f0110f0dc71ad71b4466ce92,sao paulo,SP,83,5998.7,10.28,84.52
ba5daa4041e1f15cdf34b76e3e18a450,sao paulo,SP,15,806.8000000000001,5.69,100.0
ba6b4a237f92479743cf0ca06b67a9ac,rio de janeiro,RJ,8,801.89,12.6,87.5
ba6b68b55fe8704377a7d43c8e5c0185,belo horizonte,MG,5,739.77,10.59,100.0
ba6ce6de456f6c11d08c17701ba5c26f,sorocaba,SP,6,744.35,12.06,85.71
ba89796db68db180bd389de96b2ff3b6,sao paulo,SP,2,309.8,8.6,100.0
ba8e85df286308fe68a2ce83a8f8b2d6,santa catarina,SC,1,80.9,9.85,100.0
ba90964cff9b9e0e6f32b23b82465f7b,guarulhos,SP,38,44212.5,10.02,94.74
baa49d93c8c8841e27400a300f5d74b2,sao jose,SC,6,246.39999999999998,12.28,83.33
bab0a8cd684e41ba6e2637dca0979d3b,rio de janeiro,RJ,1,269.9,13.32,100.0
babcc0ab201e4c60188427cae51a5b8b,porto ferreira,SP,1,79.0,8.2,100.0
bac44fa8e13424950488659b5f765c41,sao paulo,SP,1,19.9,8.71,100.0
bac692d6c0ed08467878018e6cc9c26c,blumenau,SC,1,477.0,7.2,100.0
bacb1f0ed56ad24198f5810d2b3fe9a5,jacarei,SP,38,6078.05,9.78,97.37
baeda7047354773262ba2405f97038ba,americana,SP,1,35.0,23.48,100.0
baf15155e37ef5492731459bdc05be8a,sao paulo,SP,1,47.0,33.05,100.0
bafc5aa11e413978be29040f51342e70,belo horizonte,MG,9,1679.55,13.44,88.89
bb135baca94c82fcb731335ad5b04a03,sao paulo,SP,18,1049.8,8.0,100.0
bb2afe2061d53c6968aa0cffa233a8ec,sao paulo,SP,5,549.4,4.7,100.0
bb3dca718920a4d7ec3cc9ffb025108b,sao paulo,SP,2,108.0,10.65,100.0
bb5bd94c8f59cc050072d2930c869cac,sao paulo,SP,16,2543.87,14.84,94.12
bb5d956dece964a06c12bceb66b923ae,rio de janeiro,RJ,2,1278.36,10.38,100.0
bb7a14e229b1c95156719c3d9552eeee,rio de janeiro,RJ,10,2760.2,11.6,90.0
bb7ad8a45c027be8ab075b8e465f8ca0,floranopolis,SC,2,19.98,5.67,100.0
bba3293d6f5d5af2f415e004e8b93ae3,sao paulo,SP,17,11702.1,12.07,94.12
bba74270a87732727b5a3b4fd9ac1c39,betim,MG,35,5964.6,9.28,100.0
bba8d0c234a52b87b3957037a215d1a4,goiania,GO,1,120.0,23.84,100.0
bbad7e518d7af88a0897397ffdca1979,sao paulo,SP,68,4426.32,15.28,77.38
bbaff50f3b708fda865918715276cd87,atibaia,SP,12,449.7,8.59,87.5
bbd3acfe6de99892e73940d3fdceaf68,santo andre,SP,2,69.0,3.3,100.0
bbe87dce25ba8b38bb61cc7210a3f10b,sao joao da boa vista,SP,2,287.0,6.26,100.0
bbf4a892cac7b82422baa711dffb8997,curitiba,PR,1,70.0,3.01,100.0
bbf9ad41dca6603e614efcdad7aab8c4,fortaleza,CE,14,7846.0,13.93,100.0
bc07d855eac23aab5ac8a120f21d16b2,mogi das cruzes,SP,11,1202.62,12.7,83.33
bc2ac6b95e1accce9858528ee566c17e,campinas,SP,18,2045.0,4.88,100.0
bc302730ea8cf49b5c74f579febb5bbf,campinas,SP,11,2640.9,11.24,90.91
bc30de0d71bd6260b936a026b5cf7200,pedreira,SP,3,392.37,12.24,100.0
bc39d8938f90a3a2b98193723ed59774,cajamar,SP,2,306.8,4.55,100.0
bc47d5d1490df2b36add65d733eafaba,santo andre,SP,21,929.8,13.24,90.91
bc503e244f187939d10c92a5c8e378ce,birigui,SP,6,430.31,9.83,92.31
bc8c8d665ec4664d286be0d521722b19,sao paulo,SP,1,22.5,8.03,0.0
bca9230d3bbb4efa51872bf605a2f1ad,sao paulo,SP,5,117.57,7.06,80.0
bcc9dd23e2a8bd8267cf92b19304a1b9,ibitinga,SP,3,202.79000000000002,22.55,33.33
bccf933e006e9b94a6184af782963e77,assis,SP,45,4162.74,11.58,97.83
bcd2d7510d58e293f20fad6438c1b314,curitiba,PR,1,23.9,33.2,0.0
bce6a5ecf98e99fd2a8868b15c51f04b,guarulhos,SP,14,3464.9,11.24,80.0
bd0389da23d89b726abf911cccc54596,brasilia,DF,87,7472.16,13.49,92.22
bd0a1b0aadca9a83d9304f7e8ff5fbd5,sao paulo,SP,4,150.6,5.9,100.0
bd149ed516d4c5d418d5781f8e18919f,guarulhos,SP,8,414.0,8.93,100.0
bd15ee794d5e640d9dd71b665b2ab15b,ribeirao preto,SP,12,374.79999999999995,14.47,83.33
bd1d49a326abfa9b1036772e40445430,bauru,SP,12,637.7,11.99,92.31
bd23da7354813347129d751591d1a6e2,sao paulo,SP,86,9704.6,9.83,95.4
bd43e172d599bed47a85da877172ca8c,sao bento do sul,SC,1,23.92,12.47,100.0
bd4431c1a8dfa744b59e1e2a8bc99b9e,rio de janeiro,RJ,7,809.5,7.12,100.0
bd4889b5e9133b35b66e42a8665cea5c,sao paulo,SP,36,6271.9,10.21,100.0
bd4ff04377f974574f7f0bf9d6ce7dde,santa maria da serra,SP,4,164.96,21.99,75.0
bd65d163ded559eb90a10cd09fec178f,sao paulo,SP,1,19.8,4.47,100.0
bd697db56ff8e7c9cd1abeb7f72029b2,sao paulo,SP,21,2869.79,10.88,100.0
bdae679a9b282249bc23b9b69dae9a99,brasilia,DF,6,663.15,8.19,100.0
bdb3edbaee43a761e2d4f258dc08f348,lencois paulista,SP,5,259.5,11.95,80.0
bdf0d02d36a1d839d0c39c4a887cdd49,birigui,SP,5,120.0,7.99,100.0
be1e9e378700cecaa4ebf71433d7915c,ribeirao preto,SP,2,119.89000000000001,48.18,0.0
be3b4b0f050a6aa1b2d901c4b77e979f,imbituva,PR,3,578.1999999999999,7.58,100.0
be67f78487e2cecb0d55bc769709e4f5,ibirite,MG,1,102.0,10.03,100.0
be7a093e5b4d147b36b72bb1f9e415e5,toledo,PR,1,60.9,5.33,100.0
be8e909810184b9b19e886129149d8e5,piracicaba,SP,15,629.85,15.36,80.0
be9a160a9011f627c3e121d076c1ec7b,jaragua do sul,SC,5,2055.0,14.82,100.0
beadbee30901a7f61d031b6b686095ad,guarulhos,SP,64,4373.98,13.54,76.47
bec568278124768c474ee90971ca94d1,sao paulo,SP,2,219.9,3.44,100.0
bede56095ba33c42038fb85f707b8a42,valinhos,SP,2,3973.9,12.58,100.0
bee36b4f9a2b9fdcaff6ec05df202ed0,sao paulo,SP,1,16.9,13.4,100.0
bf00385a5f7fc1ef39a13c2e9ee50a5f,sao paulo,SP,28,855.4,5.77,100.0
bf0045791395e66460eb04749c68672a,sao paulo,SP,2,119.8,14.25,100.0
bf100ecb7997df312b285358fb32f92c,sao jose dos pinhais,PR,20,1991.9,9.66,100.0
bf3c6d2a28b2b5501e6c15448982dcc9,sao paulo,SP,35,3956.5,10.61,97.67
bf84056e679dbe9c69929847a40e338f,sao paulo,SP,35,1918.08,12.36,92.11
bf961104a38e01b9062ee026bb657dee,ribeirao preto,SP,4,585.56,9.06,100.0
bfd27a966d91cfaafdb25d076585f0da,serra negra,SP,114,19225.0,12.37,94.78
bfd938b22bc99bce1ae60dc602889f52,rio de janeiro,RJ,4,623.4,11.25,100.0
bff9deb0ec77d437f3305a79cf25529e,limeira,SP,5,161.95,6.97,100.0
c003204e1ab016dfa150abc119207b24,cajamar,SP,195,24904.29,9.69,93.5
c00396cbdd2e088fe4281baa5920aef1,campo magro,PR,1,832.4100000000001,12.1,100.0
c004e5ea15737026cecaee0447e00b75,sao paulo,SP,1,2350.0,33.83,0.0
c0098efcf800861dcae589affca31408,ribeirao preto,SP,9,1189.28,11.42,88.89
c013e57c075a06e5b5c48ee03c525719,sao carlos,SP,42,1971.55,9.36,91.11
c026ef0d72e9132d9fa112308090c8dc,rio de janeiro,RJ,1,520.0,11.18,100.0
c03121937e54a93fcc1825c3098bbb6e,curitiba,PR,7,1043.0,11.16,100.0
c04d70d515d15a7e3db3a73320598566,niteroi,RJ,3,158.2,7.23,100.0
c0563dd588b775f2e37747ef6ad6c92c,santo andre,SP,28,3697.2000000000003,10.86,89.29
c092292535a57dacd95a8765f5518f87,paracambi,RJ,1,125.0,8.1,100.0
c0aff2da32c17759d30b22fb0af6649d,florianopolis,SC,4,188.8,7.81,100.0
c0e0b73d039eb9a99b6ce4cb7a429cd3,laurentino,SC,1,29.88,4.99,100.0
c0e6839516f5398edc34adf5f1d53d1a,guaruja,SP,1,34.92,5.1,100.0
c0f3eea2e14555b6faeea3dd58c1b1c3,sao paulo,SP,1,79.99,5.67,100.0
c0f783394e37cd9c9d7f5f81141450fa,piracicaba,SP,6,249.39999999999998,13.17,100.0
c113b8df1fc375bc3d73d29c1b1144d1,sao paulo,SP,3,333.0,6.68,100.0
c12b92bf1c350f3e6bf88d3596219c86,garca,SP,17,4808.78,10.78,94.12
c12d7463a579237ffb9248bd7cff378b,sao paulo,SP,1,25.9,11.24,100.0
c13ef0cfbe42f190780f621ce81f2234,sao paulo sp,SP,1,390.0,28.06,0.0
c13fb473e7cb8b83ccd543c094df0608,sao paulo,SP,2,54.8,12.76,100.0
c1552b1dab6e6f760950368ae61fb600,sao jose dos campos,SP,2,53.8,5.07,100.0
c157bdeedcbc9a8e3c8bf0d87ff24428,mairinque,SP,7,514.27,12.82,100.0
c161d1327ebc3a156c09582ab2f59f6c,sao paulo,SP,2,35.99,3.51,100.0
c18309219e789960add0b2255ca4b091,rio de janeiro,RJ,1,9.9,14.19,100.0
c1849d4d32d7a6cecd5aa471809d3135,santo andre,SP,3,388.98,5.42,100.0
c1d1ebb4745cc43cb6f05e9c8a705c9a,sao paulo,SP,1,12.5,26.53,0.0
c1dde11f12d05c478f5de2d7319ad3b2,sao paulo,SP,1,12.5,3.23,100.0
c1ed9e3daf6154542826a6996af0fb8c,itajai,SC,8,757.5,18.1,68.75
c1f12f926d0ba950578b4fa41115cbb6,sao paulo,SP,2,479.6,25.44,75.0
c240c4061717ac1806ae6ee72be3533b,rio de janeiro,RJ,1,59.9,6.06,100.0
c24173065483e421f9e5e7f599de101d,sao paulo,SP,9,373.91,15.82,88.89
c26a2be5b53b7db6b276280da212a779,nova friburgo,RJ,13,7482.0,13.56,100.0
c26ba52cf8d2f34915f2f6b7ffa0a3f3,rio de janeiro,RJ,3,107.47,7.72,100.0
c273175f7c6c80fb02f051e2fc6d0d72,sao paulo,SP,14,1188.23,10.59,92.86
c286ec035ee04ba81c97508f0b5df544,curitiba,PR,1,294.0,14.24,100.0
c2bda99904207edd1834f03e0022b007,sao paulo,SP,1,39.9,12.42,100.0
c2d70ce2c5d0a2eb75e78668236e6dc8,sao paulo,SP,13,2470.9,8.1,100.0
c31eff8334d6b3047ed34bebd4d62c36,salto,SP,120,12991.61,12.77,85.95
c3251e13f1bbda6c74e37c160f991e19,porto ferreira,SP,2,437.79999999999995,13.26,100.0
c32fc744b9160ac853450488e3cfea93,ribeirao preto,SP,2,65.8,15.52,100.0
c33847515fa6305ce6feb1e818569f13,brusque,SC,114,15519.85,9.56,95.31
c33a5c3c983090c8b78a28e65052a20d,criciuma,SC,8,559.2,11.57,100.0
c353f8fc0ce8344999f17d578eb69a5e,porto alegre,RS,2,175.98,9.96,100.0
c35672b10ad50968f567ea3f4b91e877,mesquita,RJ,18,1150.57,10.14,95.45
c35affa65afd250151285c5917fc1c8a,sao paluo,SP,8,4779.92,17.26,87.5
c360e4787614ed31ac7a2f95d3b22dc6,lencois paulista,SP,1,188.9,12.66,100.0
c37b2059d4f90d4feead554e5246565e,sao paulo,SP,12,839.3,20.02,56.25
c3867b4666c7d76867627c2f7fb22e21,guara,SP,228,34666.9,15.22,88.8
c394e193cda3b4225ff2094d32184849,sao paulo,SP,2,3134.8900000000003,13.63,100.0
c398bc00a606d33758afd91f4e64fd15,rio de janeiro,RJ,2,150.0,3.7,100.0
c3aad7dc65449ae90a5e9c3c6c1e78e0,auriflama/sp,SP,6,510.0,7.49,100.0
c3acdfac4e3e97ff87529454fbc03642,sao paulo,SP,12,16788.0,11.16,91.67
c3cfdc648177fdbbbb35635a37472c53,curitiba,PR,278,43048.18,9.69,97.72
c3e1abd72a42fe690fcd89cf5720fe29,mogi guacu,SP,13,1798.61,4.31,100.0
c3e2398fcc7e581cda2e546557bf6968,sao paulo,SP,1,14.9,11.84,100.0
c3ee2331a724e6fc02c4b698b57a73f3,sao paulo,SP,2,1347.0,6.24,100.0
c3f5668699a1b04c0fa61ecea1e2bff6,apucarana,PR,3,407.81,12.13,100.0
c3fe93ba3085f92855c97e57f38c8c05,curitiba,PR,6,219.0,13.22,100.0
c42fd8e4d47dfb18ce5222f2dd7752f9,osasco,SP,7,466.99,34.29,54.55
c43d924a0f1688ee9fae0efcd6f539d4,rio de janeiro,RJ,1,29.9,21.5,100.0
c447f8dd3ed213f291d65ef074a268eb,assis,SP,7,655.0,12.45,100.0
c458e2045a8aa8964f8879af03fdcce6,sao caetano do sul,SP,4,494.91,15.37,100.0
c4af86330efa7a2620772227d2d670c9,mogi das cruzes,SP,4,5396.0,15.15,100.0
c4d51195486dc781531876a7d00453d8,presidente prudente,SP,17,11468.98,23.73,70.59
c4f7fee5b0db50e87766f5a4d1b1b758,sorocaba,SP,5,2762.0299999999997,11.53,100.0
c4fabeea6e569d42d02993bb1f4f1cbc,fortaleza,CE,11,859.3000000000001,21.73,90.91
c4fb51fb1c5b7c07bc5e67be6e7e8f6e,curitiba,PR,15,1567.9,15.85,87.5
c500367424994318b9e779ff1ae9a330,paulinia,SP,9,4346.4,16.71,88.89
c510bc1718f0f2961eaa42a23330681a,indaiatuba,SP,12,10141.0,6.96,100.0
c522be04e020c1e7b79f3acff36513d5,santana de parnaiba,SP,6,649.94,15.65,66.67
c52c644cc0dc85121207a27013efc6af,tiradentes,MG,1,397.8,7.15,100.0
c53bcd3be457a342a97e39e5a9f0be22,neopolis,SE,5,509.5,12.38,100.0
c54679b132454625907c773d273d4126,guaruja,SP,7,1032.0,6.14,100.0
c5e60e39c0f42b8e827daa13cff74afa,sao paulo,SP,6,134.0,3.39,87.5
c5ebe6598748b0aeaa61cfb820478b92,lajeado,RS,3,297.0,4.9,100.0
c5f7e746b7e6d07def6c0dae9903279b,curitiba,PR,10,1429.0,5.4,100.0
c5f7feb04a6a1fb3596322bfc3cf1917,sao caetano do sul,SP,11,1720.6,10.02,90.91
c60b801f2d52c7f7f91de00870882a75,guarulhos,SP,39,11296.5,16.1,79.49
c611f4ce9ce875bcc063fa97fd4d7d12,atibaia,SP,1,319.0,4.07,0.0
c6218512d16fcac0af02fe92691cf274,contagem,MG,8,674.0,14.87,87.5
c6381b1321d7d97717a5bb4ed5b77882,sao paulo,SP,2,66.0,4.5,100.0
c6381d2d013342748761e906d45aff76,portao,RS,15,2042.98,16.97,100.0
c64a2aec32cc408a8a4c6d7c46017f91,imbe,RS,9,3221.5,21.51,100.0
c66dccfb3f109511246da627dd5a2498,registro,SP,44,12182.55,11.35,95.45
c679fb69a36e1d8349e8c50a217b4d58,caxias do sul,RS,14,1825.68,10.44,82.35
c68fb906c8f4b4b946d8386bfa6e5467,jaboticabal,SP,45,4541.16,11.16,97.92
c6a7539d424a8402232c2228d7a03c5e,sao paulo,SP,10,607.5,13.75,93.33
c6bda72e4dbf5c5866b13cb1810c6d03,sao paulo,SP,59,14059.380000000001,10.21,96.61
c70a353f02429c00775a46a75fb787da,sao paulo,SP,6,242.0,6.76,100.0
c70c1b0d8ca86052f45a432a38b73958,hortolandia,SP,260,36289.15,7.67,91.96
c714262700f93defc16bf17a51a4cb23,sao paulo,SP,4,421.8,10.21,100.0
c716e0b86ed568878475b60fbb6323ad,rio de janeiro,SP,1,35.0,7.48,100.0
c7246702dc991a06d788120dc7544391,fortaleza,CE,1,54.86,20.99,100.0
c72de06d72748d1a0dfb2125be43ba63,guanambi,BA,21,17522.0,9.71,100.0
c731d18cea9bf687ffee82a241c25b11,concordia,SC,24,3662.0,7.65,100.0
c747d5b92c7648417faea95d36d763e8,pacatuba,CE,1,139.0,12.95,100.0
c74f14c1e26cf1bd5bd34b6a1e274426,sao miguel do oeste,SC,1,39.0,24.23,100.0
c76d418370990614e89e956c7a7567d9,taboao da serra,SP,2,305.24,10.55,100.0
c79151301b9d90985d1fa52879213105,maringa,PR,3,267.09999999999997,8.65,100.0
c794dab4928dd97beb41d05514441e86,artur nogueira,SP,16,1312.3999999999999,13.79,87.5
c7a0a13cbcf29d5ce51c8f80afdc0b89,laurentino,SC,8,483.08,10.25,100.0
c7b7db6c8f3c64a7cc1afa634db21d50,sao paulo,SP,1,1489.0,33.21,0.0
c7bb64409aa480bb7d0335faaaf3d242,joinville,SC,4,97.6,5.88,100.0
c7c7b2682c648339a0e9846bb1023a39,braganca paulista,SP,2,168.0,8.46,100.0
c7dcd301ecfe5ab7f778ac172cf74be7,belo horizonte,MG,3,407.79,25.35,100.0
c7fdb77fdbff3c41981bc52f787e959e,santo andre,SP,9,658.48,17.78,81.82
c8025364abeecb115431bf95c11a747f,porto alegre,RS,2,928.0,7.96,50.0
c8143b3069f6746a77421b5ce30a450c,abadia de goias,GO,1,142.47,24.4,100.0
c826c40d7b19f62a09e2d7c5e7295ee2,guarulhos,SP,346,44653.04,13.2,90.96
c840d3fdbba0790404fdae73d253b253,curitiba,PR,9,4522.28,11.62,100.0
c8417879a15366a17c30af34c798c332,sao paulo,SP,25,1734.7,9.49,91.43
c84592044b180dec206770c38603814b,sao paulo,SP,14,491.94000000000005,12.92,100.0
c8467937e403e76a8ee9f0ab13f6f5ef,pocos de caldas,MG,30,1853.79,16.68,87.88
c847e075301870dd144a116762eaff9a,uberaba,MG,41,15248.800000000001,16.81,90.48
c864036feaab8c1659f65ea4faebe1da,campo largo,PR,58,10454.2,12.28,96.55
c8660dcf9ba70575f45d80fe28c27713,sao paulo,SP,4,335.0,11.14,85.71
c8665a4dd081a2c436b1cd921079d0d9,pitangueiras,SP,1,79.39,4.24,100.0
c8771b1a10bb99bb34d3c459c5cffb53,tocantins,SP,1,64.9,6.82,100.0
c878515173c84a492ebe50d6b493230b,itaipulandia,PR,9,1118.84,15.81,80.0
c87abc38c8ed3240861729e1aeadf221,sao paulo,SP,1,133.0,10.75,100.0
c89cf7c468a48af70aada384e722f9e2,petropolis,RJ,14,745.0,14.19,92.86
c8b0e2b0a7095e5d8219575d5e7e1181,itaquaquecetuba,SP,84,12170.210000000001,10.06,92.94
c8b3445d737de6befde0c88ede534a5e,sao paulo,SP,30,3149.04,11.38,97.22
c8c1bea22194a4eefa2dc9a9fa89f536,porto belo,SC,7,1266.0,8.5,100.0
c8cc60ffd415254af5d9b9f34f32c369,sorocaba,SP,8,722.2,4.98,100.0
c8e135e7b21ecbc36c1153a29d2f5a06,sao paulo,SP,7,1165.5,8.15,100.0
c963a25b8671419c6ce9eebe8fd03218,angra dos reis rj,RJ,1,49.0,6.85,100.0
c97aa4ee7420f937da13b7f9e2228b99,novo hamburgo,RS,1,29.9,10.81,100.0
c990d6cf976a5718aaedc539f383ab88,paulinia,SP,8,183.1,21.0,55.56
c9a06ece156bb057372c68718ec8909b,brasilia,DF,11,3849.0,11.49,100.0
c9aafcd0621b2207c10e32c649cada4d,sao paulo,SP,40,2671.26,9.01,91.49
c9c7905cffc4ef9ff9f113554423e671,itapecerica da serra,SP,127,10657.18,11.06,88.49
c9d2ba8dde44a275ae06475ed1d2fafc,uberlandia,MG,1,28.79,8.42,100.0
c9e5ad1f6647f5dbd1172adf6ae3cada,porto alegre,RS,4,259.03,9.25,100.0
ca3bd7cd9f149df75950150d010fe4a2,sao paulo,SP,68,9253.47,13.79,97.78
ca4b77513ac2040591b0d8fae6958380,sando andre,SP,14,1772.45,7.59,80.0
ca5832c6960267b71041f74bb39e8b12,xanxere,SC,1,79.9,45.16,0.0
ca77545ca4d2dfd1431bf61334e2fa3c,maringa,PR,6,760.0,13.28,100.0
ca7c6bd577e559472af1c699de9e764e,sao bernardo do campo,SP,6,148.0,4.27,100.0
caa9bc43a9fe8cf9c564ddd8a03cc4a6,jacarei,SP,13,803.87,9.11,92.86
cab85505710c7cb9b720bceb52b01cee,sao paulo,SP,201,11124.6,10.18,97.55
cac4c8e7b1ca6252d8f20b2fc1a2e4af,indaiatuba,SP,74,4128.19,19.9,76.83
cac4e0bc1a3269fa2b6ea5e763f6115b,brusque,SC,2,57.88,12.09,100.0
cac63f48c38cd7d002a7e846dcd99a23,sumare,SP,10,874.0,7.23,100.0
cac876b37d3abcd6bd76caca30277996,cascavel,PR,27,2229.77,12.07,84.85
cad10cc982ab6a391570c211b995c17c,avare,SP,1,47.4,4.3,100.0
cad9969167c09b48ae6f1d123f7fa68d,pocos de caldas,MG,1,24.0,3.39,100.0
cb0b3bcf14e0a709df412a99424a59d7,sao paulo,SP,2,460.0,22.22,100.0
cb162c8eef257253782d245c08d9097c,barueri,SP,1,34.99,10.64,100.0
cb32766839f443db85c82a43c4a6c19e,rio claro,SP,2,234.0,19.47,100.0
cb3dd9ce66268c7a3ca7241ac70ab58c,sao paulo,SP,48,2788.32,13.81,94.0
cb41bfbcbda0aea354a834ab222f9a59,sao paulo,SP,11,3792.0,37.56,63.64
cb4a705d00e100b9732d0ca34817d441,florianopolis,SC,1,998.0,24.13,100.0
cb5df0dcb9e280b1780e9d589889f2c7,bady bassitt,SP,11,1614.88,20.69,83.33
cb5ff1b9715e99589f3e0c7a6afab9e3,maringa,PR,4,85.0,6.08,100.0
cb6c9f5888a7a090c75beaf615925792,vila velha,ES,11,779.8900000000001,10.16,90.91
cb810bd318f51b3dc3c753944d61a1fa,niteroi,RJ,1,1750.0,12.3,100.0
cb8bcce248bb1fb274ba762d8b971456,santa rita do sapucai,MG,66,9152.4,12.57,98.51
cb9fb4ca75d7ba8437480e8dde64fe98,sao paulo,SP,10,532.14,9.25,100.0
cbbd5ae8f53de5f5097cd8217b529e24,santana de parnaiba,SP,1,175.9,20.77,100.0
cbd996ad3c1b7dc71fd0e5f5df9087e2,sao jose do rio preto,SP,160,8217.5,12.84,91.53
cbf09e831b0c11f6f23ffb51004db972,sbc/sp,SP,10,1535.2,5.28,100.0
cc1f04647be106ba74e62b21f358af25,sao paulo,SP,1,11.9,13.3,100.0
cc3d14116804f7209f3884f6367f1152,curitiba,PR,27,5477.8,13.04,96.67
cc419e0650a3c5ba77189a1882b7556a,santo andre,SP,1651,101090.95999999999,11.54,94.01
cc5a78bbad32776dc4e3af205218368c,divinopolis,MG,33,4269.18,7.64,97.37
cc63f0dd2acba93ffed4fe9f8e0321fa,sao jose do rio preto,SP,55,7096.71,9.02,100.0
cc80e2f693fa6e2408f47ccf62413fc1,curitiba,PR,2,420.0,14.15,100.0
cca3071e3e9bb7d12640c9fbe2301306,ibitinga,SP,699,63035.16,14.24,94.61
ccada0ef508e698917a6eab263375905,pato bragado,PR,3,172.8,9.91,100.0
ccb83a794700270fde70898fe9ff368b,sombrio,SC,12,11062.0,16.59,83.33
ccbd753e6863fe7314dc6c0ca5a074e7,blumenau,SC,1,495.0,11.86,100.0
ccc4bbb5f32a6ab2b7066a4130f114e3,curitiba,PR,184,72926.72,15.85,92.59
cce6ab8d1682639fe45ab70234f1665f,curitiba,SP,61,2442.7,15.46,95.31
ccf8813e5a7d6c84d865cd38bfc2b130,taubate,SP,26,2635.5,11.43,92.31
cd06602b43d8800bd0afad514919d35c,sao paulo,SP,43,2555.31,11.96,96.15
cd2169d9f31ff6fbb9ca3373b0c9e354,nova friburgo,RJ,1,569.0,15.16,100.0
cd233f8bfa30ebfd651f47ee7d054951,birigui,SP,1,79.9,9.34,100.0
cd3d09fbe6e3e9ff0c0ac0c300e93ae7,nova odessa,SP,12,651.04,11.71,91.67
cd52a8efd71af3336b14b5039b951cc1,palhoca,SP,2,111.8,11.2,100.0
cd68562d3f44870c08922d380acae552,ribeirao preto,SP,122,18119.7,16.78,79.84
cd6efc47efaabf134f8bdb654e10b4f1,rio de janeiro,RJ,31,4158.55,8.5,90.62
cd843d4cf8ef32827de0396605163ba3,juiz de fora,MG,5,1915.0,16.08,100.0
cda598c48d7c614bc1cad7d8ff6f0010,mirassol,SP,17,1118.6000000000001,8.13,100.0
ce20a2ec1514c25e16f2b5b39bc818f0,sao paulo,SP,4,287.0,14.64,57.14
ce248b21cb2adc36282ede306b7660e5,jaragua do sul,SC,64,13560.19,15.6,89.23
ce27a3cc3c8cc1ea79d11e561e9bebb6,sao paulo,SP,122,9465.45,10.08,98.01
ce33c6211beaa8fef4cae8b52db39862,suzano,SP,1,49.0,18.73,100.0
ce3ad9de960102d0677a81f5d0bb7b2d,rio de janeiro,RJ,1,158.0,4.04,100.0
ce4755084bc097113867e6454f8f5e52,ribeirao preto,SP,1,18.9,6.39,100.0
ce616e1913288884e7742faac9d981db,cotia,SP,14,333.3,7.64,95.45
ce69a8021d18961dd2a40269b7c2c293,curitiba,PR,19,4818.0,10.2,89.47
ce7d1888639e6fb06b2749cbfdac1ff7,baependi,MG,78,11793.89,14.19,91.67
cea729054f157f5870bdd321a958d994,sao paulo,SP,24,2482.1,7.26,96.15
ceaec5548eefc6e23e6607c5435102e7,sao paulo,SP,198,51478.18,12.92,94.17
cecd97bc34ed8330bd4cd15713eda670,cordilheira alta,SC,1,57.99,7.14,100.0
cee48807215b30a12ca2ca10ffb5f250,guaruja,SP,39,7212.2300000000005,23.41,85.0
cf1313c6e2c01c2f4b014f97db4bcd2b,rio de janeiro \rio de janeiro,RJ,5,315.70000000000005,8.24,80.0
cf2384dd2f1dddea3f838efed0945e65,serra negra,SP,16,2101.5,14.25,100.0
cf654707ed6a99f112c7ec3d6f314b8b,sao paulo,SP,3,756.0,4.27,100.0
cf8ab1616079e2793aa29d524df01bb1,sao paulo,SP,6,9594.0,26.41,83.33
cfa5ab0e4d3fc212fd0b3410e7081c62,uba,MG,15,4780.81,14.08,100.0
cfb1a033743668a192316f3c6d1d2671,votorantim,SP,143,12609.54,11.87,89.39
cfd7ddab722b902f7ac5b5f3ba6d723d,contagem,MG,12,3385.0299999999997,6.17,100.0
cfe94489ddd337d1e29e12f2a7205d10,sao paulo,SP,20,2376.0,7.77,79.17
d03698c2efd04a549382afa6623e27fb,ilheus,BA,18,8865.47,15.6,95.24
d05ae8f7a5bd1d2a690a44cd079e4e27,rio de janeiro,RJ,77,13244.0,11.24,91.25
d06d019f72a04e5497a0b64190af170c,cotia,SP,17,2415.93,8.5,94.12
d0d70d21e2234dd7cd3cf63fe414148a,sao bento,PB,8,598.4,8.99,100.0
d101c6da914ae3d53f7bee42283f2fe2,sao paulo,SP,13,1297.4,13.84,93.75
d12c926d74ceff0a90a21184466ce161,sao paulo,SP,76,3850.2799999999997,8.55,98.97
d13e50eaa47b4cbe9eb81465865d8cfc,santo andre,SP,66,7073.05,4.97,79.41
d149de2f383552baea37a7198c2296ce,sao paulo,SP,3,320.70000000000005,4.89,100.0
d1582f4043306e6b91afa6a8a884f898,sao paulo,SP,9,990.0,12.11,88.89
d17f467e4bf608a510c20d82f4ba3b6b,caxias do sul,RS,11,2963.7799999999997,12.06,81.82
d180e07dc1e58c31c3f0cd599dc4d945,belo horizonte,MG,1,58.8,8.0,100.0
d197aa8fbc64087f61984deef05f6227,sao jose dos campos,SP,6,519.09,7.26,100.0
d1a5cc844736958c11b8efab9a2b4c87,curitiba,PR,1,237.6,30.29,0.0
d1aa1ec0839dcab73a6161130eb1f94a,curitiba,PR,1,119.9,35.02,0.0
d1b65fc7debc3361ea86b5f14c68d2e2,mogi guacu,SP,39,11413.17,9.07,95.0
d1b9d4be4b6f9ebd85f8acd6745ba612,nova lima,MG,11,1154.35,10.81,100.0
d1c281d3ae149232351cd8c8cc885f0d,ibitinga,SP,214,26833.61,12.46,91.21
d1c7fa84e48cfa21a0e595167c1c500e,jacutinga,RS,12,1156.03,11.88,100.0
d1ef48b38baca7e831711c4a0aeb398f,apucarana,PR,28,1439.13,9.79,88.24
d20b021d3efdf267a402c402a48ea64b,ibitinga,SP,86,3922.3,16.66,82.35
d23019c84ffae2d5ef2270367b8605fc,londrina,PR,39,29205.1,11.28,97.44
d2374cbcbb3ca4ab1086534108cc3ab7,ibitinga,SP,514,20926.02,14.3,94.68
d2572f31e9023e9850ef986a636ff9bf,belo horizonte,MG,1,279.0,10.13,100.0
d25aa0aaacb370e912f8cf6efeba38b3,massaranduba,SC,17,2658.45,8.97,95.24
d263fa444c1504a75cbca5cc465f592a,americana,SP,1,399.0,9.54,100.0
d26aa40b90272d4843d63be7c1462c8d,sao paulo,SP,2,152.9,4.59,100.0
d297f1055de2956aedfd3b04113dce3e,nova odessa,SP,1,54.3,3.81,100.0
d29ba1220fb8634fa3a107e54497b8a4,sao carlos,SP,9,724.94,6.49,100.0
d2df77822373f19934e87694d8640767,arapongas,PR,2,155.9,22.15,100.0
d2e753bb80b7d4faa77483ed00edc8ca,porto seguro,BA,14,1320.7,12.74,93.33
d2f3e277560ed4c6361284429b00f037,atibaia,SP,7,320.55,8.06,100.0
d32e3909cfb714fb2a6cb092c85b9c5f,jundiai,SP,10,2827.9,22.17,72.73
d354c38a7182125a748cb10474fe963b,aperibe,RJ,17,1500.34,13.12,94.74
d3674f271c91f824f82d24d92011f669,brasilia,DF,20,1718.3,13.77,90.0
d36b07fd3c5088e477a72d1fccfe29d4,itapetininga,SP,1,328.9,13.24,100.0
d379f449f2a3b271bc01c0782020f705,divinopolis,MG,28,4423.06,13.58,96.55
d3891911c2feae53c52fea2bd14054e5,sao paulo,SP,2,141.0,4.06,100.0
d3dcf0604eabf0224fbd5948b5e02f69,sao paulo,SP,9,2902.2999999999997,17.63,66.67
d3e7d37c0df9aef383f3f2a15b0dddfb,sao jose dos pinhais,PR,1,161.0,13.08,100.0
d3f39f05462b79a4562d35893a28f159,mococa,SP,33,2363.4,12.12,86.49
d4828feed4cda2cd9d6b37899a95a71e,juzeiro do norte,CE,1,39.9,13.51,100.0
d4910f1cdcfdabd48d6b316e395d4a23,santo andre,SP,11,1146.88,6.04,91.67
d4a5e99e0dd915df64ba55a7fbd583fd,sao paulo,SP,2,65.15,13.16,100.0
d4d99b60c4c94cd35acd502cec65dc8d,sao paulo,SP,1,72.9,19.08,100.0
d4e12e7884759a14fa0f5f896c791cae,sao paulo,SP,29,1400.0,8.33,93.75
d4e4b5192cba4e0e66eb12a9d347239d,toledo,PR,11,431.9,13.38,100.0
d4f117125b59ce73c3302f88ee40c458,sao paulo,SP,17,783.29,7.73,100.0
d4f91e8be86b38da2ee35bc489645a9d,guaratingueta,SP,1,49.99,17.23,100.0
d4ffeb15b67e81ff9af2b4252d99fb7e,atibaia,SP,11,1400.4,8.98,100.0
d50d79cb34e38265a8649c383dcffd48,sao paulo,SP,70,13012.42,13.16,92.86
d51e0a403fe2e689ece6c73359d96e12,pompeia,SP,18,7380.0,12.96,92.0
d52cbce9845184537284a23c3bc3da0e,garopaba,SC,2,75.0,10.57,100.0
d558ebe531605a1285ab2b1bc3256dfb,divinopolis,MG,3,709.0,9.42,100.0
d566c37fa119d5e66c4e9052e83ee4ea,sao paulo,SP,65,5145.7,5.83,95.89
d57e18d5f73c7ccb7f7339b61166898d,sao paulo,SP,61,3187.7,9.04,96.83
d58d521f3789def2e7a22715e0badd93,sao paulo,SP,2,65.98,4.85,100.0
d594982fd877af63ace38ea1fca27c76,sao paulo,SP,7,217.04,8.09,100.0
d598f929fc44e1e38678e7f47250ec04,formosa,GO,1,69.9,11.24,100.0
d5b9a084373da994a6e37f732169a853,santo andre,SP,7,1769.0,17.88,71.43
d5ba419e26d246a0719437cf37d9b46d,sao paulo,SP,33,3911.5,9.78,88.24
d5c530f4884a75ae0dba9c148718d278,centro,MG,5,252.93,8.28,87.5
d624126b9206f595fb3fbb6ba03b28a8,curitiba,PR,23,7198.8,10.13,96.43
d63c73efd41eb002280e7ec831424edb,piracicaba,SP,2,5598.0,6.29,100.0
d63f306de130e0391d38a792541723b8,sao paulo,SP,1,49.0,3.36,100.0
d650b663c3b5f6fb392b6326366efa9a,cotia,SP,57,18335.9,9.84,92.98
d66c11a9572221d92fbb8c4897db5f9b,rio de janeiro,RJ,16,776.56,8.55,100.0
d66c305afaec317ebee552073a674429,ribeirao das neves,MG,38,4126.59,10.06,97.73
d673a59aac7a70d8b01e6902bf090a11,ibitinga,SP,79,3908.94,13.79,90.48
d6ab728cf30867cf3f1a2e216ae2f9b7,sao paulo,SP,12,2002.0,11.29,100.0
d6b1ce66b035a475f00c017792ff9769,salto,SP,92,12277.4,10.17,92.59
d6b664fa0667064c6d76394e7848d790,araraquara,SP,6,6080.0,17.55,83.33
d6cd01c59123df02fc226eadbadb5f89,sao paulo,SP,1,69.9,18.5,100.0
d71d863e5ef30d94e440c11be17dcd8f,osasco,SP,23,9246.9,19.68,90.0
d73cbd89533ce8b041a9190241453ac8,guiricema,MG,3,268.7,12.22,100.0
d7485b33791774c36108f8c69602d48d,curitiba,PR,10,399.82,8.89,90.0
d7827b2af99326a03b0ed9c7a24db0d3,londrina,SP,1,1455.0,13.85,100.0
d79e8478eed9999493990b44955fb22e,rio de janeiro / rio de janeiro,RJ,5,721.89,8.2,80.0
d7ab82074b5f1dfba46db123df101bff,atibaia,SP,2,38.67,5.66,100.0
d7b2377bae6ace1b11fc69a11900ac36,sao paulo,SP,3,239.70000000000002,19.54,66.67
d7d517afce974cd491b8d52bb5b5b1fc,sao paulo,SP,1,89.99,13.54,100.0
d7f1cfc638473be93baedbfd02208016,belford roxo,RJ,1,30.0,12.68,100.0
d85efbc8eff2b7adf524e2820569adc8,sao paulo,SP,1,55.0,2.95,100.0
d8b8f2cf9ff6ba0389072541cb42498c,formosa,GO,1,149.0,12.16,100.0
d8bf0fc082fd4a77fc2e5679b6c00133,sao paulo,SP,1,139.9,7.09,100.0
d8c7ba53e7e38711eaef8c2849d6d2e1,floresta,PR,22,1190.87,8.11,100.0
d8cf3b6a2151949f930d0252b180ec42,mandaguacu,PR,6,623.7,7.28,100.0
d8d9567d0bfb0bc7eb845a205ba42657,sao paulo,SP,4,74.6,13.52,50.0
d8dd176509baa37f359644d082bf7f7b,sao caetano do sul,SP,2,198.0,30.36,0.0
d90fe2229fee1a5da999ccd0c06c1667,sao paulo,SP,3,450.0,9.82,100.0
d91fb3b7d041e83b64a00a3edfb37e4f,praia grande,SP,524,39926.39,11.29,93.71
d921b68bf747894be13a97ae52b0f386,formiga,MG,77,15645.8,9.98,98.7
d93844a9c55ba7ce353388bcf849ea56,curitiba,PR,12,2708.5,16.21,85.71
d93919c944be9cff128f6c9cb899eacb,mombuca,SP,33,2666.7000000000003,22.92,81.82
d93b8458c6fe139d85cfa5eadbf55bd2,sao paulo,SP,1,19.9,5.98,100.0
d9442042130b7fe579d1295f9f4a248f,sao paulo,SP,19,772.16,11.44,95.45
d94a40fd42351c259927028d163af842,baependi,MG,100,13674.8,13.69,96.33
d94ba08b99bedd6a5f6c875ecc4a6fac,apucarana,PR,8,539.1,11.72,100.0
d97df38225e5abadaff1e72cb72b823c,sao caetano do sul,SP,28,1776.0,12.15,82.14
d98eec89afa3380e14463da2aabaea72,porto alegre,RS,168,6968.53,8.54,97.81
d9a84e1403de8da0c3aa531d6d108ba6,sao paulo,SP,53,1385.3,7.47,94.83
d9b00a97818674c7f8d8b1ef0e689679,ponta grossa,PR,1,69.9,2.2,100.0
d9bd94811c3338dceb4181f3dbc0c73e,sao paulo,SP,54,6911.02,7.77,88.52
d9c349beabc06aa6ff1c6d68b5e9e22e,sao paulo,SP,1,168.1,21.03,100.0
d9cb0052a666de5308b32f32ad5f1b1c,olimpia,SP,3,231.89999999999998,13.01,100.0
d9cd369bffa979d1634f8e1318bf2f1b,bady bassitt,SP,3,678.0,11.25,100.0
d9d43faf741ceaa8da52fdbb81d9e0e3,juiz de fora,SP,4,161.0,9.55,100.0
d9e7e7778b32987280a6f2cb9a39c57d,sao paulo,SP,11,722.5,19.0,69.23
d9e8c084b68fe958861d8f2c21202e6b,sao paulo,SP,9,3050.0,11.17,100.0
da03c298e3999e9d828591fc2179d109,sao paulo,SP,4,787.7,9.09,100.0
da20530872245d6cd9d2f5725613c430,igrejinha,RS,2,314.96000000000004,9.43,100.0
da2782c804606d2a5d8e1760dbb3e7ec,sao paulo,SP,1,89.0,32.78,0.0
da3fede3469bf49b7293ce3fc45b294d,mogi das cruzes,SP,1,44.9,11.24,100.0
da6a60cc8cc724fe51be021ff8be779c,sao pedro da aldeia,RJ,12,728.79,7.71,100.0
da7039f29f90ce5b4846ffc0fcc93beb,santo andre,SP,17,1259.1,8.86,94.44
da8622b14eb17ae2831f4ac5b9dab84a,piracicaba,SP,1311,159816.87,11.17,92.7
dace965ca58120f92f8d742a9fa1864b,sao paulo,SP,8,1442.0,8.05,100.0
daeb5653dd96c1b11860f72209795012,belo horizonte,MG,38,1864.1,11.44,92.31
daf565f087a52def0fd5c5825b3661bc,brusque,SC,9,813.9000000000001,9.31,88.89
db1f0f7c7e5e87f40b62226f020bb297,pinhais,PR,3,59.01,9.61,100.0
db2956745b3a8e9f3785c99f34b5d25e,sao sebastiao,SP,45,8261.0,14.35,89.13
db4350fd57ae30082dec7acbaacc17f9,sao paulo,SP,136,3304.3199999999997,10.87,95.86
db46ca7bce82b11f7e247539271fc390,rio de janeiro,RJ,16,933.97,8.15,100.0
db6a4d4b5f1f5f98820ce6ce2619e2de,sao paulo,SP,1,135.99,3.11,100.0
db7ed69a53aa9fb1c01930ba54a88bbe,jaguariuna,SP,1,109.0,3.95,100.0
dbb9b48c841a0e39e21f98e1a6b2ec3e,sao paulo,SP,108,7186.85,9.95,95.76
dbbcfe2c8d026742134ac3e28ccde274,curitiba,PR,4,308.59000000000003,8.29,100.0
dbc22125167c298ef99da25668e1011f,borda da mata,MG,394,32829.12,11.41,97.6
dbc51f5e45d654ecc16cb68e6817ecea,franca,SP,1,199.99,17.74,100.0
dbd66278cbfe1aa1000f90a217ca4695,sao paulo,SP,85,4928.9,9.06,93.94
dbdd0ec73a4817971d962698f2fea022,fortaleza,CE,16,6384.0,12.65,93.75
dbec9a0a7efeff029d4d9dce7dc4cc95,belo horizonte,MG,3,1170.0,11.93,100.0
dc120d932ddf9d4dfb6fd68beefda622,sao jose dos pinhais,PR,1,130.0,14.64,100.0
dc317f341ab0e22f39acbd9dbf9b4a1f,cachoeirinha,RS,55,18988.4,12.16,94.83
dc4a0fc896dc34b0d5bfec8438291c80,ibitinga,SP,225,23655.98,13.81,93.39
dc50afafdfa325eadc890c7fa42a8f4e,maringa,PR,4,424.2,6.21,100.0
dc64d75cc406bb0697be983831430e60,belo horizonte,MG,4,813.0,10.21,100.0
dc7192adf8ba09569261f4a8d576afe0,itapeva,SP,7,917.0,6.33,100.0
dc8798cbf453b7e0f98745e396cc5616,sao paulo,SP,35,1733.0,13.69,93.02
dcb7367a92f5ffb89f1e2152ed260285,osvaldo cruz,SP,1,79.9,10.08,100.0
dcf3755cefcdc158ad0b7bdde51e871b,cachoeira do sul,RS,3,269.70000000000005,13.25,100.0
dd264199fc8b687ad029de7de6d760e6,cascavel,PR,1,87.9,18.08,100.0
dd2bdf855a9172734fbc3744021ae9b9,belo horizonte,MG,105,10607.0,15.25,94.55
dd39ad39b5d3df33037e141c72497ba6,sao paulo,SP,2,135.8,8.67,100.0
dd4d95ba2d15c071e6c695e2ef6ce169,cachoeiro de itapemirim,ES,4,1748.0,14.41,50.0
dd533b429f380718b70ad9922c294bae,barretos,SP,39,2244.88,16.81,88.37
dd5450b022b2d00a2145a66331e1aef6,joinville,SC,1,59.0,7.18,100.0
dd55f1bb788714a40e7954c3be6df745,sao paulo,SP,35,7041.759999999999,18.75,83.78
dd58ee93286b0821565574c570e9e1dc,curitiba,PR,2,2948.0,12.04,100.0
dd7ddc04e1b6c2c614352b383efe2d36,sao paulo,SP,121,9148.61,14.82,85.21
dd88d13bea9e4c2bf47daf224f8141e5,lajeado,RS,1,458.0,5.68,100.0
dd8a29ce82d5c705ba932d81494600a5,sao paulo,SP,2,205.75,8.93,100.0
dd9661d3cda1e6feb237f0c4d8b26f2e,campos novos,SC,1,174.0,18.2,100.0
dda37071807e404c5bb2a1590c66326f,sao paulo,SP,1,199.99,16.58,100.0
ddd51ae8cda92f3995a51fc0f0f3eec7,rio de janeiro,RJ,8,842.6999999999999,7.03,100.0
dde698c6d0bd24834c586e5111c2bba7,petropolis,RJ,1,155.9,7.69,100.0
de09d00cfc265b8804c7df34075a68fa,sao paulo,SP,3,784.0,6.15,100.0
de0c78824586e9a5f5f04fd84e25df39,vargem grande paulista,SP,14,2489.3,6.35,100.0
de23c3b98a88888289c6f5cc1209054a,sao paulo,SP,161,25933.670000000002,10.77,91.01
de66a66f2dd06bb9ec37aa96987466a3,rio de janeiro,RJ,7,353.32,14.72,100.0
de722cd6dad950a92b7d4f82673f8833,recife,PE,337,55126.3,12.77,96.02
de9727ca376d1be6ec121b110aa7954c,sarandi,PR,9,997.8000000000001,11.27,90.91
debe6615cd90cc0c2eac2b8988e1f628,sao paulo,SP,5,278.5,11.6,100.0
dedcab67899479e4ea5dcc4eba47f587,jaragua do sul,SC,2,84.0,5.56,100.0
dee656f0f566ed1aa85bd137c943f08f,cruzeiro,SP,92,6212.08,12.48,94.68
df0f42bc4c2142eacf0eaf2cffd0cfbb,itajai,SC,14,1654.0,14.29,100.0
df47da4ae86fa4db890d05aaf24e21d8,sao paulo,SP,5,310.5,7.04,100.0
df560393f3a51e74553ab94004ba5c87,loanda,PR,26,3429.78,18.08,92.59
df56d7b40d437f88407c5f78b63bc328,cascavel,PR,22,2791.28,12.27,96.0
df683dfda87bf71ac3fc63063fba369d,farroupilha,RS,1,39.9,189.86,0.0
df91910b6a03bb2e3358fa6a35e32f6f,sao paulo,SP,13,2093.2,9.19,100.0
dfa0c4c6229ab200a4a1336b4d7128ff,florianopolis,SC,77,4777.1,9.64,96.51
dfc475d54e1b6dbeeb7d7d9bdaa63827,curitiba,PR,18,1708.37,12.99,95.0
dfc5fb7259bb2b599ca565e6e9448f0f,sao bernardo do campo,SP,33,6124.63,14.35,94.12
e00d85ce20ea50c1224c66ca5050527d,osasco,SP,1,149.0,2.05,100.0
e0482f2c769468c3bbcd8a01e09d98c5,sao paulo,SP,1,189.0,5.91,100.0
e0487761face83d64fcada2408959a36,sao paulo,SP,2,49.25,3.54,100.0
e067ad2c1c0b48758eb1b5228bcf7a68,santos,SP,54,5042.55,14.49,91.8
e06f09ec0a4aca210779cf1cfc63cf19,sao paulo,SP,29,5279.49,15.06,93.55
e0878efa0e0b7e5313ac0b43bc04c081,curitiba,PR,26,5025.4,18.22,82.14
e09887ca8c7bf8a4621ce481820414ef,sao paulo,SP,2,79.97,42.06,66.67
e0a366315b1b726b6c7832d664c0f530,sao paulo,SP,43,7400.09,7.46,96.08
e0a3c37054ade6478d923a6efc10f308,camboriu,SC,2,219.8,7.84,100.0
e0b162a693bc7f9eab00f783a31d60ea,pelotas,RS,1,20.0,11.09,100.0
e0eabded302882513ced4ea3eb0c7059,campinas,SP,8,978.4000000000001,11.45,100.0
e1643dff33666ca629e3644c02738179,sao paulo,SP,3,170.0,4.56,100.0
e1b12447a7563944843191754aeb5562,guarulhos,SP,9,472.46000000000004,16.06,70.0
e1bed63d68ac36fe1f3061befe196af5,mogi guacu,SP,1,199.0,8.61,100.0
e1c76f339ebd5460999f25a2aa8c92c5,sao paulo,SP,1,899.9,29.84,100.0
e1dc0754bada9ee4cfe9713f22f61292,duque de caxias,RJ,12,885.0,8.28,100.0
e21a1e8be4715b0fcfd5385643bc49c4,jaguaruna,SC,20,673.6999999999999,16.57,100.0
e24d3429d294b2eb200b064ebb035879,sao paulo,SP,19,1878.58,7.71,95.45
e24fc9fcd865784fb25705606fe3dfe7,braganca paulista,SP,51,12768.0,12.65,92.73
e250d617a0ad591ba9bd663e584a895d,guarulhos,SP,8,904.12,8.09,100.0
e256a62e0ac58c0edfba09966142d561,curitiba,PR,12,1474.1100000000001,8.3,100.0
e26901d5ab434ce92fd9b5c256820a4e,maua,SP,197,11601.5,9.3,97.67
e2a1ac9bf33e5549a2a4f834e70df2f8,sao paulo,SP,5,14999.449999999999,12.34,100.0
e2aee0892199b1d92530e371abd825bf,rolandia,PR,36,5392.77,14.99,87.18
e2c92f9c1c7746d899d18f2e158bbff7,sao jose do rio preto,SP,12,1641.9,9.15,100.0
e333046ce6517bd8bb510291d44f0130,ipaussu,SP,68,7268.0,10.0,94.59
e38db885400cd35c71dfd162f2c1dbcf,brasilia,DF,30,2066.8,12.69,87.5
e3a386fc36e22064434e1fa256f6a9fa,engenheiro coelho,SP,16,793.9,10.55,82.35
e3b4998c7a498169dc7bce44e6bb6277,sao paulo,SP,1,6735.0,18.74,100.0
e3d3b3efac954a60d61be70b7e05b49b,sao paulo,SP,3,1282.05,11.12,100.0
e3dd723429d1b23614b7fa85e2c7a853,sao bernardo do campo,SP,7,471.05,13.41,75.0
e3e290b38963293022cdcd6db8328103,sao paulo,SP,3,135.7,9.77,100.0
e433f5fd4050e3352b5d83522b7fe24b,arapongas,PR,1,548.06,7.45,100.0
e439f7176d763f92de325271111b2fd5,joinville,SC,6,1320.9,9.93,100.0
e45edf75f568ed2f93f78d060e246e25,rio de janeiro,RJ,6,164.29999999999998,12.01,85.71
e48b04bf1aa1ef711caebeb7aede6180,curitiba,PR,25,3187.1000000000004,10.54,100.0
e48cc16ab70bfa09e1401740dce0b3d7,aracatuba,SP,14,1084.83,14.66,88.24
e49c26c3edfa46d227d5121a6b6e4d37,brejao,PE,34,3624.35,11.65,100.0
e4ebd3f87bf70440014f07ddda7fbe03,presidente epitacio,SP,7,671.5,17.89,85.71
e4f121bf6ef8b9a1d4d3e65dd0473fab,sao jose do rio preto,SP,2,70.0,21.34,50.0
e4fc40017a6d22c46a14ac2e17f87c3e,arapongas,PR,1,129.0,10.29,100.0
e503f22be6a4f456d9851920a5d9c670,sao paulo,SP,2,198.9,5.67,100.0
e504a4e2efaa45cbff7e268a2c58c956,sao pedro,SP,10,1088.9,12.57,72.73
e51f22821f0c12a16ad5c020cdcd55e9,carapicuiba,SP,4,898.71,10.32,100.0
e53d5b9b29d1218281f4a907ada18626,toledo,PR,4,350.67,6.86,100.0
e546117ed9cafbc40239c0c78635c584,sao paulo,SP,2,456.0,6.37,100.0
e5475dcab1e07b63d7f6e902d8f5eda8,diadema,SP,19,2192.0,9.57,94.74
e5545d4d4473876ea78c5bcebca365c3,marilia,SP,1,44.5,5.2,100.0
e560e4022d8f7aebf155db95946c5c0f,belo horizonte,MG,2,780.0,10.13,100.0
e5899683388855d3dabe8913bbe365de,sao carlos,SP,3,452.88,7.72,100.0
e58a5b390e28abc0b216cfb0e07d27d7,rio de janeiro,RJ,7,1022.6,7.6,100.0
e595809a6c31ec4314fd06ef198c244d,navegantes,SC,1,39.0,15.85,100.0
e59aa562b9f8076dd550fcddf0e73491,curitiba,PR,69,30716.3,13.71,91.46
e59e489e2ea74bd409b798b5daf49de3,maringa,PR,3,495.0,14.8,100.0
e59e575a175fadcadf8479e191770425,nova iguacu,RJ,1,199.9,5.35,100.0
e5a3438891c0bfdb9394643f95273d8e,limeira,SP,216,7549.96,15.38,81.78
e5a38146df062edaf55c38afa99e42dc,sao paulo,SP,120,15270.89,12.23,91.13
e5bd51692380fd8cabb19b756b95e714,santo andre,SP,2,79.8,33.66,0.0
e5c84227854980f1db19a58958c551d9,fazenda rio grande,PR,4,72.81,10.19,100.0
e5cbe890e679490127e9a390b46bbd20,sao paulo,SP,2,908.99,5.92,100.0
e5d4b2b0c3bca22085f7a19a28de0c42,joinville,SC,4,205.8,12.68,75.0
e5def42655b7490edac5a56fe8e9e603,amparo,SP,1,129.9,5.83,100.0
e5e33c0d8e7e002f398f5dc4cbbb338f,bauru,SP,26,6494.9,11.95,88.89
e5f9e61ceb5f523cc966e0f34095032f,brusque,SC,4,2238.0,20.25,75.0
e601b04acf48b4576e73ddca9481f0dc,sao paulo,SP,15,491.94,7.2,100.0
e603cf3fec55f8697c9059638d6c8eb5,pelotas,RS,7,270.0,6.66,100.0
e627629ba868740e287800f1a9be81c2,sao paulo,SP,11,337.1,6.9,100.0
e62b2d6ac10570a035a30bafcf01d263,sao paulo,SP,62,5340.39,14.71,84.51
e63e8bfa530fb16910dd6956e592bb81,guarulhos,SP,41,1282.8,9.34,95.24
e644cbadf7eeb30d0d29f335ce7d52ec,sao paulo,SP,7,768.91,6.94,100.0
e64882b4ef12aee8d0faca4db5b681f4,goiania,GO,1,230.0,25.01,100.0
e64d65bc8dbec2accda90c58de5d1246,rio claro,SP,12,1678.8000000000002,13.49,66.67
e64ddbe1cbcf4f2fc3092b7c481f3f9d,sao paulo,SP,1,20.9,5.51,100.0
e6a69c4a27dfdd98ffe5aa757ad744bc,sao paulo,SP,21,508.51,10.27,100.0
e70053bf73d1b5863932e53a9fa47496,sao paulo,SP,7,4025.0,13.46,100.0
e72b4feb7abe210c52aa667abc25a3a2,sao paulo,SP,1,38.2,4.15,100.0
e732329483fd5f27367dd997b47f598a,blumenau,SC,1,109.9,12.15,100.0
e73bf2cea7fe4b0b4d287a7568ed1099,chapeco,SC,4,737.6999999999999,4.83,100.0
e76ecc7e9a1a1e3c6df9d2a8261c423d,belo horizonte,MG,1,20.0,12.46,100.0
e7d5b006eb624f13074497221eb37807,santo andre,SP,28,3478.93,10.95,96.83
e7df4cd29ab5abab70fb0783ddb53987,sao paulo,SP,23,9608.699999999999,10.35,83.33
e7f3bf1ecd8526eb7f3b18059e6716e5,ubatuba,SP,17,1382.04,8.86,100.0
e819bcfade7b5d88a27325eb6cfd62c5,guarulhos,SP,5,202.89999999999998,8.97,90.91
e81e1f9c3e762e620f3fb60a51499e16,curitibanos,SC,17,4465.99,30.9,88.89
e82de6494d91d3c4c54450f59b227a94,ibitinga,SP,3,118.9,18.68,66.67
e83c76265fc54bf41eac728805e4da77,aracatuba,SP,8,237.29999999999998,32.6,87.5
e83e93b71371817b11d78a63ff156aee,barueri,SP,2,286.0,18.49,100.0
e84ad2127668df3aafc6b73531a0beb8,sao paulo,SP,19,987.0,9.71,95.65
e88165a185134e13fdfc85d4fa654db8,ferraz de  vasconcelos,SP,2,108.0,9.15,50.0
e882b2a25a10b9c057cc49695f222c19,teresopolis,RJ,57,51057.54,9.46,100.0
e883aa812c37a7413226856f4579fe91,itapevi,SP,26,4097.1,10.0,96.55
e88c9b79e592e370d6bd852eeefbf057,pato branco,PR,8,251.87,8.43,100.0
e88f7a2995ba184710d339c5c4bf2e30,votuporanga,SP,2,251.6,10.83,100.0
e89c4adbe7b1d0819dbb636e16461cf1,indaiatuba,SP,24,3181.3,14.79,88.0
e8a85b5f3df47be0984c55fd4064dbb4,brasilia,DF,8,743.0,10.41,85.71
e8b3a3a38279a82f0e5d006d5e5b7d2c,jussara,PR,80,11762.4,16.89,95.29
e8b4225284fbb02d16f200513f1f395d,novo horizonte,SP,30,5638.62,10.22,90.0
e8dba4d70f7f2b20e775d09cae01142d,santa barbara d oeste,SP,9,855.91,8.81,88.89
e8f6dc8e6a1dcde89d20e3995c8d90b3,sao paulo,SP,35,2148.7400000000002,12.73,93.18
e8ff5a6ceb895583033fc2a0f314e3c2,blumenau,SC,1,139.89,3.19,100.0
e908c0f3646e8b60375734a350d95d71,sao paulo,SP,1,2951.0,27.11,100.0
e94b64dc6979b302a5a5be1662c83bb6,itapecerica da serra,SP,2,306.89,9.01,100.0
e9511df20ccd82658a30c37b7fb343af,bauru,SP,22,2096.6,9.66,100.0
e96498ed8daaa3e9c23f7a62da76591c,sao paulo,SP,34,9619.09,15.2,85.29
e9729944ba65dc3ce425e0c5a22ae7b2,petropolis,RJ,4,916.7,10.14,75.0
e9779976487b77c6d4ac45f75ec7afe9,praia grande,SP,645,42229.69,9.85,92.55
e9874ae10b2d60d43917b6bbfa13a599,rolandia,PR,1,199.0,6.68,100.0
e99e927c81e3f51739c94fcdfca9f10f,uberlandia,MG,21,2597.85,13.99,83.33
e9b6c33b71b67737693b4cfa68341c8d,sao paulo,SP,1,119.9,11.77,100.0
e9bc59e7b60fc3063eb2290deda4cced,maringa,PR,209,33543.69,14.57,87.31
e9c2dc0dd4ac38448289be644ac94f42,joinville,SC,3,118.39,5.39,100.0
e9c6969d40e6a3d2d0f90013165c2b98,sao paulo,SP,10,5239.98,9.09,100.0
e9d99831abad74458942f21e16f33f92,sao paulo,SP,130,4922.4800000000005,12.63,89.93
e9e446d01bd10a97a8ffcfc4a3a20cb2,sao paulo,SP,3,51.15,5.3,100.0
ea00f977a203ff88adf7057cb7806998,santos,SP,18,381.72999999999996,5.42,88.89
ea1776927851da2532aa70d6a32c095a,sao paulo,SP,2,283.9,8.66,100.0
ea3ebea5317b0efbc663ecc8ce5e9bc2,florianopolis,SC,3,299.70000000000005,9.39,100.0
ea4e9ce63a2134743b4a92777437fcdd,palhoca,SC,3,316.6,9.2,100.0
ea566164622c6b439516ab18062c42cd,sao  paulo,SP,50,10309.42,14.23,76.92
ea65d8b58316a6f2362f2a9e4b3e86ad,campinas,SP,9,2061.4,10.17,100.0
ea67327e24487bdfac5fbfa37ea124df,ibitinga,SP,32,6250.18,8.65,97.06
ea6b12bf9ffe2bac34602ec631d97a47,guarulhos,SP,9,1047.3,16.56,100.0
ea846a0e7ad98a741783e886d89dfa44,aracatuba,SP,2,137.0,11.23,100.0
ea8482cd71df3c1969d7b9473ff13abc,sao paulo,SP,1132,36696.76,13.32,89.65
eaaa46e98c9e61f6764dd1d7a2ab8b3e,messias targino,RN,1,98.0,11.1,100.0
ead2bab70821ea148476ae9bc08548ac,belo horizonte,MG,9,412.1,7.32,100.0
eae9af4811c294c56795d70e715b7337,sao paulo,SP,1,15.9,2.84,100.0
eaf6d55068dea77334e8477d3878d89e,sao paulo,SP,3,51.0,6.13,100.0
eb1bf309f4f6af9a97e9ddac3fdbeabe,diadema,SP,1,22.3,8.49,100.0
eb3071b9f0b0ddaa2df5ea130f09f26b,sao paulo,SP,9,6230.0,8.62,90.91
eb4a59a06b3948e851a7d7a830bcbc42,salvador,BA,1,32.0,11.08,100.0
eb4df17aed01d918c65f0f8d650900c0,paulinia,SP,11,3739.87,12.9,72.73
eb5b6204dde3a6e03b5f1bb8479f055b,embu guacu,SP,19,452.2,10.57,95.24
eb72802c83dc7547529c9546d1a9b8ef,rio claro,SP,8,1063.92,6.21,100.0
eb9267cccc90f1b49c8d2f9887c7dd97,recife,PE,1,319.9,7.81,100.0
eb9cd5b35d95206585e2185318cb5c61,sao paulo,SP,2,550.0,16.94,66.67
eba88037e1dca898cd02881f67ced679,sao paulo,SP,6,838.1,11.49,83.33
ebd1417732defaf66c50b5a800eb293e,londrina,PR,1,309.0,6.12,100.0
ebd2d60905fb58271facef5596b620d3,lencois paulista,SP,82,7713.02,12.88,96.47
ebe3dabc4955c9b0d695e7bda38bf5c3,ribeirao preto,SP,1,55.0,23.45,0.0
ebef8d8c92b4fd3226e5d407bbff21ac,ribeirao preto,SP,3,253.70000000000002,40.12,66.67
ec21206b7894c503788a684a7bc822a6,armacao dos buzios,RJ,1,75.0,8.11,100.0
ec2e006556300a79a5a91e4876ab3a56,sao paulo,SP,2,77.4,13.5,50.0
ec4608a1f76453166bb312b2968aeaf4,porto ferreira,SP,17,968.81,14.12,79.31
ec5c1d94df153d473b37f880977ae58e,rio de janeiro,SP,2,199.67000000000002,11.67,100.0
ec80e49e69745ab6c14f984bf2149423,limeira,SP,12,3709.0,12.85,83.33
ec8463980a4e0ea9f8517aea1ed0c419,florianopolis,SC,2,239.2,13.35,25.0
ec8879960bd2221d5c32f8e12f7da711,itatiba,SP,35,3957.5,16.5,82.86
ec933281fb017b5020d06df29c3f77e8,sao paulo,SP,8,1432.0,9.48,100.0
ecccfa2bb93b34a3bf033cc5d1dcdc69,curitiba,PR,12,1120.8500000000001,35.13,75.0
ececbfcff9804a2d6b40f589df8eef2b,franca,SP,97,6714.15,13.07,90.29
ed4311e67debd72b8610a5347a743087,guarulhos,SP,25,3636.0,8.01,92.31
ed46f1eb4a638113deb2a1137b5f22e9,indaial,SC,4,3470.0,7.36,100.0
ed49da7cadefc454d6a67de249eab240,sao paulo,SP,1,21.5,7.19,100.0
ed4acab38528488b65a9a9c603ff024a,sao paulo,SP,32,12759.45,9.19,95.0
ed859002ad59dbf8cf3602696a6c3000,londrina,PR,6,2063.9,22.08,100.0
ed8cb7b190ceb6067227478e48cf8dde,santos,SP,15,573.5,7.25,94.12
ed9eef5be0992d413d251fadba1a410d,mogi guacu,SP,3,404.09999999999997,10.35,100.0
edb1ef5e36e0c8cd84eb3c9b003e486d,teresopolis,RJ,165,79144.9,11.71,92.53
edb58a1390adf273840030a3d6253829,piracicaba,SP,1,39.9,5.5,100.0
edb65fe661681b1c0de8bd47c8655855,sao paulo,SP,1,69.0,14.11,100.0
edc518ba25576a0188a0e8f2c3af186f,guarulhos,SP,6,1647.3899999999999,6.72,100.0
edd066cd02126d7800f9b66e980e9931,brasilia,DF,6,987.6999999999999,11.9,83.33
eddd1991bd6d9309995a480c39b95137,ponta grossa,PR,2,601.0,14.75,100.0
ede0c03645598cdfc63ca8237acbe73d,ribeirao preto,SP,43,2352.15,18.4,65.96
ede2977fbaf3738583170735ca403f6c,curitiba,PR,1,289.9,14.98,100.0
edf3fabebcc20f7463cc9c53da932ea8,sao paulo,SP,1,219.9,21.08,0.0
edf96ef93ed595084bbcbd9224bd2894,sao paulo,SP,25,3757.0,13.67,89.29
ee27a8f15b1dded4d213a468ba4eb391,goiania,GO,1,6499.0,11.96,100.0
ee2fbacc2fc3794e656cc4d933d59ce7,sao paulo,SP,2,464.97,6.71,100.0
eeb6de78f79159600292e314a77cbd18,lages,SC,82,43510.84,12.11,96.39
eebb3372362aa9a46975164bed19a7e7,sao paulo,SP,4,295.96,52.58,50.0
eec3469d83e142f9a104886655338c37,bauru,SP,4,185.7,9.98,100.0
eed78ac17f7f795a19a709745f00cd4e,botucatu,SP,22,4349.5,9.83,100.0
ef0ace09169ac090589d85746e3e036f,sao goncalo,RJ,128,16105.400000000001,12.56,92.09
ef2fbc2b607d8492bcffe657a4645434,rio de janeiro,RJ,19,920.9,7.0,90.48
ef30892870c278497523264be1be2241,araraquara,SP,9,783.2,8.08,100.0
ef506c96320abeedfb894c34db06f478,sao paulo,SP,316,9556.5,13.34,91.27
ef728fa1f17436c91ed1ccd03dcf9631,jau,SP,3,128.7,4.55,100.0
ef990a83bbea832f36ebe81376335aa8,joinville,SC,43,4642.59,16.85,75.0
ef9952469137ff190bacafe117f51537,uberaba,MG,5,1002.66,10.25,100.0
efb628aa07c8ca93d7db0d85b91a4f5a,nova iguacu,RJ,1,204.0,25.59,0.0
efcd8d2104f1a05d028af7bad20d974b,aracatuba,SP,46,2384.79,10.23,98.0
efff9341f3f8f5237b44ff67ed36a7bf,vitoria,ES,5,872.99,11.93,100.0
f00e21b1e91a79653163b7fd8f293ff1,andradas,SP,31,3900.09,12.97,96.77
f00f5b35d0abcacbdd863672f4bb2c1a,sao paulo,SP,1,299.0,12.16,100.0
f021c962aaba8ef6eb527a9c2c8394d1,itajai,SC,5,4398.5,8.17,100.0
f049a72cf58fd31b11f8919cade515e7,sao paulo,SP,3,138.75,3.98,100.0
f0837c8d71434931d9e38e7b79234797,arvorezinha,RS,22,3446.9,11.72,95.65
f08a5b9dd6767129688d001acafc21e5,porto alegre,RS,11,14069.630000000001,19.1,77.78
f08c008c8a8d31417763738a1788a2a8,santa terezinha de itaipu,PR,20,1211.92,19.13,85.71
f09b760d23495ac9a7e00d29b769007c,catanduva,SP,1,21.9,24.06,100.0
f0b47fbbc6dee9aafe415a6e33051b3f,maua,SP,67,3766.92,10.35,90.59
f0e103c63864d5405b958d984b6e94c9,osasco,SP,11,951.7,8.82,100.0
f0ec78809fe0bc3edb11c9fe5b97b059,sao paulo,SP,2,62.599999999999994,9.35,100.0
f114dca2828bf718548db175ebe2cfcd,cambe,PR,1,139.0,10.48,100.0
f1198c871e0171278b63f40d112caeec,sao paulo,SP,2,475.8,11.4,100.0
f125f3a310c2e5f822d116147de1e474,sao paulo,SP,16,2761.4,14.04,90.91
f12d3c2a14729ae461b920c11fe20fdc,santo andre,SP,9,364.45,4.87,100.0
f12ff17ad8bbf01ec5c33b17e506649b,sao paulo,SP,28,6101.0,13.79,89.29
f18112da765e0971ca5d510dec322bdd,brusque,SC,2,327.8,17.9,100.0
f181738b150df1f37cb0bd72e705b193,carapicuiba,SP,36,5529.7,9.14,89.19
f19516b9ff26bfeb091b30108db4ddbd,artur nogueira,SP,3,162.7,10.65,100.0
f1b854361f4e15d5851b494df66f22b2,rio de janeiro,RJ,3,1168.8,7.61,100.0
f1b93673502375d491780bb49d615dbc,sao jose dos campos,SP,8,2638.9300000000003,12.99,80.0
f1c1ac3f3efc07e659c035008e615e66,sao paulo,SP,3,2294.96,12.65,100.0
f1ce5fdecd64935c28b9ff932751d0dc,santana de parnaiba,SP,2,158.0,10.24,100.0
f1ed6bd0a9b11b581f16c851c6a5a527,porto alegre,RS,17,1622.77,21.1,94.44
f1fd5ab1181f827ffad998c1a5de7d74,curitiba,PR,15,7045.99,9.46,100.0
f1fdf2d13186575751aa25876536d85c,sao paulo,SP,1,26.3,6.14,100.0
f205b1a3ca9a34e0f8a228bae6e4c7b3,cachoeirinha,RS,8,1088.0,8.6,100.0
f214d28e8d8e3ef068748498ccc2f813,sao paulo,SP,52,2152.43,10.17,92.98
f22a247b79dd22ecd91dc8e3b2a1b07c,itaquaquecetuba,SP,8,439.94,18.03,75.0
f2336e113377dd21c744d9c4fc8293a9,sao paulo,SP,4,3563.0,20.25,100.0
f235413f677777a0738ff215d0184901,bariri,SP,2,1191.98,6.28,100.0
f25e239052084705e17a982bc600ab2a,sao paulo,SP,8,7380.0,12.4,100.0
f262cbc1c910c83959f849465454ddd3,sao paulo,SP,189,10199.86,8.95,90.69
f266295f49a28eee21f413e0cbb0521d,ponta grossa,PR,2,149.8,12.09,100.0
f26d70155c2b6326fcfa1780c8c684e4,presidente getulio,SC,1,202.89,8.9,100.0
f27e33c6d29b5138fa9967bcd445b6d5,sao paulo,SP,93,8888.3,12.44,89.8
f3041c2e75ec683697a6a5ea82192210,itauna,MG,1,145.0,4.53,100.0
f307937c1bb287c3efc2a514b94b0d1d,araxa,MG,1,189.99,12.58,100.0
f326006815956455b2859abd58fe7e39,fernandopolis,SP,9,3147.16,15.52,100.0
f3295428338a40977a03f555246a70f4,vitoria,ES,7,644.98,14.83,71.43
f3511c85f59f8dec53d140501ee8e7a8,curitiba,PR,1,69.9,1.92,100.0
f356c348fbc8df6a882823e21f5ce8b7,canoas,RS,2,195.18,7.23,100.0
f35b3c613c4f7b2275f4185d0a3c59ec,sao paulo,SP,9,4047.25,12.8,77.78
f35becee938e982bd615edf8ef12bcfb,alvares machado,SP,6,148.59,7.92,100.0
f3862c2188522d89860c38a3ea8b550d,ribeirao preto,SP,1,15.5,5.87,100.0
f3975e8a41157005d4bcbb358678cd9b,pinhalzinho,SC,2,178.8,8.66,100.0
f3b80352b986ab4d1057a4b724be19d0,brasilia,DF,86,9815.1,10.61,100.0
f3c38ab652836d21de61fb8314b69182,sao paulo,SP,15,1581.0,8.21,93.33
f3da5b2ff499efb8d4a6d371d175d7dd,sao paulo,SP,77,3540.89,11.27,86.59
f410c8873029fcc3809b9df6d0b28914,caxias do sul,SP,2,289.8,7.7,100.0
f419677537694f0462a91990df6ca44f,sao bernardo do campo,SP,6,220.5,14.25,83.33
f41ce2e25237f9092cd8e6e7516c7a2f,guarulhos,SP,26,1961.9,8.66,100.0
f435898e493ba0356019a0b1cb8b55b1,curitiba,PR,10,649.76,10.68,100.0
f43827dd686be3a4a80e00aa299990fb,sao jose do rio preto,SP,1,95.54,21.39,100.0
f44b6f775a2b390380e0e30b5c9d3eee,sao paulo,SP,10,2930.0,8.69,100.0
f44bdc12aa39f5271f0b95f66cd4c289,braganca paulista,SP,5,357.5,10.52,85.71
f45122a9ab94eb4f3f8953578bc0c560,piracicaba,SP,184,21764.68,12.49,92.89
f457c46070d02cadd8a68551231220dd,maringa,PR,195,18798.3,14.45,93.48
f46490624488d3ff7ce78613913a7711,guarulhos,SP,80,5690.95,10.09,88.51
f4a04f7be452aa3bb31760bf00055dd0,santo andre,SP,18,1312.1,9.14,94.44
f4aba7c0bca51484c30ab7bdc34bcdd1,sao paulo,SP,108,2951.8999999999996,10.89,93.04
f4c4daa86e30c7e5a553a8d518ac03a5,cascavel,PR,18,5984.3099999999995,16.64,94.44
f4ce8ca9fa7157e3b33f536ac9a4487d,penapolis,SP,4,409.6,6.98,100.0
f4db9b37944bcb8873e6b456ee190bbf,itaquaquecetuba,SP,21,3409.78,13.3,90.91
f524ad65d7e0f1daab730ef2d2e86196,soledade,RS,1,578.0,24.9,0.0
f52c2422904463fdd7741f99045fecb6,santo andre/sao paulo,SP,12,567.79,5.53,92.31
f593898ec748b7a8cb81fc04edafd98a,pedreira,SP,19,2588.04,18.03,81.82
f5a590cf36251cf1162ea35bef76fe84,sao bernardo do campo,SP,113,51232.78,11.82,89.83
f5b44895715ddfe3087dc414f30268f3,sorocaba,SP,19,378.8,12.5,94.74
f5b84683a9bf9e1df748cf40f601b39c,sao paulo,SP,1,83.9,6.71,100.0
f5f1f2c5f923f36ad79ea1d07185ddc9,taruma,SP,10,1517.77,12.89,90.91
f5f2ab9bdb6b30c14c61be68c5ed37da,porto ferreira,SP,18,2134.6800000000003,13.45,88.89
f5f46307a4d15880ca14fab4ad9dfc9b,rio do sul,SC,9,1422.94,12.92,90.0
f5fea3ffed6c2e889bab72705557c63a,rio de janeiro,RJ,1,345.0,28.7,0.0
f6122bc84774df1b372bdb3bb88ddb9f,barueri,SP,3,4799.87,15.62,66.67
f615fe7efbef0f4f08fd3086bc7a3e60,atibaia,SP,22,2061.37,7.5,91.3
f61c63d13f7cd800549d5acdd390ae72,pilar do sul,SP,26,3072.3,11.75,92.31
f626e15b7314c267e4429010866f70e9,marechal candido rondon,SP,5,193.54999999999998,9.5,100.0
f62d7bb4a613ec758a03342d46b580b2,vicosa,MG,32,24665.0,13.87,87.5
f63d8f293af3a6454377546bd9dd19ff,votorantim,SP,17,1751.82,18.26,78.57
f650a9708fa1bab22bdd8d3a818cc415,ararangua,SC,4,416.04,15.32,100.0
f664f98bfda2eaf266a23ff144e7a872,sao paulo,SP,2,153.99,2.69,100.0
f67efa3f0b6761102a7f8c6b7b571f5d,curitiba,PR,31,5188.68,9.83,100.0
f680f85bee2d253556ac91be391d2c82,carapicuiba,SP,45,5183.92,10.35,98.15
f682e0f848abafc6f41e0d4e868c66ef,mairipora,SP,2,269.98,19.7,50.0
f7315bb81aea4ddca2d39e249a801c98,guarulhos,SP,2,379.8,10.21,50.0
f7496d659ca9fdaf323c0aae84176632,sao paulo,SP,25,4837.67,12.47,92.31
f76a3b1349b6df1ee875d1f3fa4340f0,sao paulo,SP,24,4160.79,17.02,62.5
f7720c4fa8e3aba4546301ab80ea1f1b,curitiba,PR,59,2043.55,9.92,96.1
f783a638e9c6af4a7d0dbfde811e7a81,sao paulo,SP,5,849.8,17.65,80.0
f789d2c4f2c2eb38fc4373e7a4b35264,juiz de fora,MG,44,4864.24,10.9,95.92
f7ba60f8c3f99e7ee4042fdef03b70c4,sao bernardo do campo,SP,218,68070.0,13.12,83.41
f7c31656c19db6275a8acadca289f426,ibitinga,SP,1,61.56,13.38,100.0
f7ccf836d21b2fb1de37564105216cc1,ibitinga,SP,69,2748.4,11.04,90.41
f805b96fa705ba7995a221f1749dc141,maringa,PR,7,2744.44,12.98,100.0
f80edd2c5aaa505cc4b0a3b219abf4b8,sao paulo,SP,116,8855.5,12.15,93.6
f8201cab383e484733266d1906e2fdfa,palhoca,SC,10,889.0,13.05,80.0
f84a00e60c73a49e7e851c9bdca3a5bb,rio de janeiro,RJ,88,5849.24,11.27,89.69
f84fa566034f5e8e880a07ec624c56af,indaiatuba,SP,89,4993.91,11.47,88.0
f88adb15807168d3c43d71021090ce4a,porto ferreira,SP,3,488.8,6.37,100.0
f8d5c7085db9a4ad2b8c1ffbeb2798c8,sao paulo,SP,6,263.0,12.53,100.0
f8db351d8c4c4c22c6835c19a46f01b0,salto,SP,659,50082.6,9.91,94.12
f8e2c1b59cd4225a3e4fd0d013a76b93,ribeirao preto,SP,2,219.8,10.43,100.0
f8f35af4634605e6693c17cc3ffff5a8,campanha,MG,1,90.0,10.14,100.0
f90f77ef2799a27f80d90c425ca944f7,londrina,PR,1,70.0,7.39,100.0
f918546be4bec7104d117789ba758b2b,sao paulo,SP,20,1483.0,11.93,82.61
f9244d45189d3a3605499abddeade7d5,sao paulo,SP,20,15081.439999999999,15.18,100.0
f92d8c817434bd2d84d4e9c61322b7fa,sorocaba,SP,5,174.84,8.33,80.0
f97e2b0650c2068227e1d366140eb62f,santo antonio de posse,SP,16,3654.0,14.12,95.24
f9903dd0f812c7e771fcad47b6fff231,blumenau,SC,10,1684.8500000000001,13.25,100.0
f9bbdd976532d50b7816d285a22bd01e,sao paulo,SP,2,268.0,14.89,50.0
f9d010e39375d9c91dce3f40b73a2f84,lorena,SP,4,1212.0,18.85,60.0
f9ec7093df3a7b346b7bcf7864069ca3,sao paulo,SP,9,519.2,6.32,88.89
f9eedec3129e8cc6b6429c42d0808c5b,"rio de janeiro, rio de janeiro, brasil",RJ,2,789.8,6.76,100.0
f9f68daa2af419d38f745478bcb3da1a,sumare,SP,1,11.2,11.76,100.0
fa14641f57b655e933124a9ea49cd7a5,sao paulo,SP,7,359.92999999999995,6.98,100.0
fa1a9dec3a9940c072684a46728bf1fc,icara,SC,55,6674.0,14.59,100.0
fa1c13f2614d7b5c4749cbc52fecda94,sumare,SP,578,190917.13999999998,13.34,89.81
fa3a0b5aabb344b9a92e3524b0202123,sao jose dos pinhais,SP,7,1789.0,11.64,85.71
fa40cc5b934574b62717c68f3d678b6d,sao paulo,SP,304,15900.48,11.2,94.07
fa5fdc4e4bb6bd1009ad0e4ac4096562,santo andre,SP,1,161.99,7.06,100.0
fa74b2f3287d296e9fbd2cc80f2d1cf1,presidente prudente,SP,5,1274.49,30.38,60.0
fa8d335d68129e464e60c1826a683e96,tres coroas,RS,1,139.9,22.22,100.0
fac1a9017ade7bdc94058fc1c969f355,sao paulo,SP,9,2010.84,7.56,100.0
fac35d150712afb921ec59ac5f39bb11,bonfinopolis de minas,MG,5,696.0,10.68,100.0
fad44952713764836814be105382aee5,rio de janeiro,RJ,32,5129.0,10.79,96.88
fadb07c842a2aef5d5a676b85f220e71,sao jose do rio preto,SP,7,398.75,6.43,100.0
fb3cfbc8a86f5d7fbb4d36b8df63f60d,rio de janeiro,RJ,10,1007.3000000000001,7.46,100.0
fb503a924a0b9db19d83dd0ac6dbef8c,pelotas,RS,1,13.9,6.55,100.0
fb8904a8ea99f8831b64ce27db2c1765,sao caetano do sul,SP,2,278.0,11.16,50.0
fb89df7f89fd1b8f03fa2acca1ba7364,foz do iguacu,PR,22,2220.0,15.55,92.0
fbc14c0cf93505ef89f64665ffa4a7b5,serrana,SP,18,12227.82,12.07,94.44
fc0b214b59a83615fea981c6424a02ae,maua,SP,1,159.9,4.38,100.0
fc38b5dceee1a730fad8853453437fbd,campinas,SP,5,119.2,7.97,100.0
fc4751cfe3b279c419615b9b00c1abb4,londrina,PR,1,453.7,8.01,100.0
fc59392d66ef99377e50356ee4f3b4e1,salvador,BA,5,519.99,7.95,100.0
fc5a0d7a310a7a41abf86a458585ff2b,sao paulo,SP,1,117.9,13.93,100.0
fc6295add6f51a0936407ead70c1001d,sao paulo,SP,1,160.0,13.8,100.0
fc906263ca5083d09dce42fe02247800,belo horizonte,MG,112,4417.9,9.35,100.0
fc908879b9ca1bd65419e54e50432d38,sao paulo,SP,4,119.19999999999999,8.68,100.0
fcb5ace8bcc92f75707dc0f01a27d269,guarulhos,SP,59,8009.35,10.43,97.14
fcba71d4d5db057f43249145e4eb1e27,limeira,SP,3,494.55,18.62,100.0
fcdd820084f17e9982427971e4e9d47f,ribeirao preto,SP,16,4783.99,11.07,92.59
fce62094ffe6a4009188ec44e681dfdd,sao paulo,SP,4,2969.7,18.97,54.55
fcf16b7a8697e559f0123190bb30177d,sao paulo,SP,3,1052.8,15.83,42.86
fd312b6bf05efac6c3772d5b52205d8a,votorantim,SP,2,118.69999999999999,6.38,100.0
fd386aa7bed2af3c7035c65506c9b4a3,sao paulo,SP,69,2304.15,8.33,89.47
fd435faa3c0422b60440ea3480d0e77c,joao pessoa,PB,1,749.0,9.47,100.0
fdaaf5bfda82b7b80535610c831b8d09,sao jose do rio preto,SP,10,2588.9,11.03,80.0
fdb9095204a334cd8872252ffec6f2db,sao paulo,SP,46,8156.0,8.87,95.08
fde0cc9ea29c8ccfc0a2c22256a58c71,curitiba,PR,35,3922.0,8.71,97.14
fdf736c18c589ed030e058312203e1b2,pocos de caldas,MG,1,30.0,5.49,100.0
fe19dce63ae80346207c6c55713d1023,uberaba,MG,1,49.9,7.0,100.0
fe1b067411b8c5066e962aa146ccee03,presidente prudente,SP,8,847.78,8.78,100.0
fe1bbc5feda5c8979a8a1b3b2512d5a6,arinos,MG,9,724.72,11.63,90.0
fe2032dab1a61af8794248c8196565c9,campinas,SP,293,65689.71,10.6,91.48
fe26f3ecb51a15e6d8335cd92da42562,sao paulo,SP,7,2708.96,10.68,85.71
fe49ee029e61e789a1f3a5525f57ba8d,osasco,SP,16,2473.69,10.42,93.75
fe4cd9461203cee790d36792420b310f,caratinga,MG,3,391.15,14.35,100.0
fe701d88b67eaca109dffd464d1be9f9,marica,RJ,10,1359.0,12.42,90.0
fe8055980a4ff7f64ed889c2b5926929,curitiba,PR,3,196.70000000000002,6.49,100.0
fe87f472055fbcf1d7e691c00b1560dc,campinas,SP,6,1085.8,6.0,83.33
fe9d9cf8631285d5982c6e2cf27fb114,barbacena/ minas gerais,MG,1,69.9,4.9,100.0
feb793c88d836c3a75efa4b5a3465d70,sao paulo,SP,1,466.0,5.99,100.0
febab0275244b9a49a623f0bd613ca2f,pedreira,SP,106,7094.82,8.17,96.03
fec6275253471ace26d209bbaa64cd0f,nova friburgo,RJ,9,2840.0,13.28,100.0
fec8cd45395b3cb0c2b173d7739706a1,jambeiro,SP,4,1280.0,10.45,100.0
fedaedd3ca31d56ab33e92035e4b361c,niteroi,RJ,1,39.9,8.62,100.0
fedf2c1386e137f296b3bbf3b635e69d,sao paulo,SP,2,131.74,10.69,100.0
ff063b022a9a0aab91bad2c9088760b7,santo andre,SP,94,12076.5,9.4,96.88
ff1e15b778c700abdd4d239b81ac466d,curitiba,PR,7,414.3,7.55,100.0
ff1fb4c404b2efe68b03350a8dc24122,mogi das cruzes,SP,46,6771.0,9.91,85.71
ff314fa6033cc68ec451c47aee2d6ba4,sao paulo,SP,2,537.9,10.69,100.0
ff4e2d38692ce827b1a4f4b8196e680d,sao paulo,SP,11,518.9,9.21,100.0
ff4ea69c2a729e83e63c7579e4ef8170,guarulhos,SP,8,6368.0,11.46,100.0
ff69aa92bb6b1bf9b8b7a51c2ed9cf8b,sao paulo,SP,20,21940.8,11.46,75.0
ff82e8873fba613f2261a9acc896fd84,itabira,MG,4,124.6,9.54,100.0
ffa6adafb71b807dc13159e26431354c,londrina,PR,17,2500.9,9.85,100.0
ffad1e7127fb622cb64a900751590acd,americana,SP,10,884.3,8.47,100.0
ffc470761de7d0232558ba5e786e57b7,guarulhos,SP,27,1529.13,10.08,93.33
ffdd9f82b9a447f6f8d4b91554cc7dd3,curitiba,PR,18,2101.2,10.32,100.0
ffeee66ac5d5a62fe688b9d26f83f534,mirassol,SP,14,1839.8600000000001,18.07,85.71
fffd5413c0700ac820c7069d66d98c89,amparo,SP,57,8535.0,13.74,86.21
ffff564a4f9085cd26170f4732393726,campinas,SP,8,359.0,12.5,100.0
